,Rank,Pokemon,Usage%,Raw,%,Real,%,
,1,Landorus-Therian,29.42183%,1081340,29.422%,934748,32.999%,
,2,Greninja-Ash,16.84048%,618938,16.840%,459415,16.219%,
,3,Heatran,16.69160%,613466,16.692%,509683,17.993%,
,4,Ferrothorn,16.14364%,593327,16.144%,505587,17.849%,
,5,TapuKoko,14.53730%,534289,14.537%,423128,14.938%,
,6,Kartana,13.09894%,481425,13.099%,352919,12.459%,
,7,Magearna,11.89612%,437218,11.896%,346331,12.226%,
,8,Garchomp,11.04936%,406097,11.049%,322618,11.389%,
,9,TapuLele,10.02430%,368423,10.024%,277875,9.810%,
,10,Toxapex,9.91038%,364236,9.910%,283898,10.022%,
,11,Zapdos,9.65576%,354878,9.656%,283257,10.000%,
,12,Greninja,9.50054%,349173,9.501%,269382,9.510%,
,13,Gliscor,9.28298%,341177,9.283%,267709,9.451%,
,14,Rotom-Wash,8.69252%,319476,8.693%,269755,9.523%,
,15,Tornadus-Therian,8.44927%,310536,8.449%,246524,8.703%,
,16,Serperior,8.43991%,310192,8.440%,227291,8.024%,
,17,Volcarona,7.99132%,293705,7.991%,214419,7.570%,
,18,TapuBulu,7.89667%,290226,7.897%,223880,7.904%,
,19,Chansey,7.84622%,288372,7.846%,219795,7.759%,
,20,Charizard-Mega-X,7.78609%,286162,7.786%,215069,7.592%,
,21,Excadrill,7.68490%,282443,7.685%,220320,7.778%,
,22,Clefable,6.98458%,256704,6.985%,189956,6.706%,
,23,Celesteela,6.84940%,251736,6.849%,201077,7.099%,
,24,Magnezone,6.39820%,235153,6.398%,184021,6.496%,
,25,TapuFini,6.33056%,232667,6.331%,191917,6.775%,
,26,Alakazam-Mega,6.15351%,226160,6.154%,151594,5.352%,
,27,Mimikyu,6.04356%,222119,6.044%,155101,5.475%,
,28,Tangrowth,6.03859%,221936,6.039%,173092,6.111%,
,29,Tyranitar,6.01919%,221223,6.019%,173036,6.109%,
,30,Hawlucha,6.01720%,221150,6.017%,151540,5.350%,
,31,Mawile-Mega,5.82636%,214136,5.826%,157643,5.565%,
,32,Scizor-Mega,5.73181%,210661,5.732%,162823,5.748%,
,33,Lopunny-Mega,5.71986%,210222,5.720%,162482,5.736%,
,34,Medicham-Mega,5.51602%,202730,5.516%,159036,5.614%,
,35,Kyurem-Black,5.49689%,202027,5.497%,151360,5.343%,
,36,Blacephalon,5.43999%,199936,5.440%,145594,5.140%,
,37,Charizard-Mega-Y,5.36006%,196998,5.360%,155510,5.490%,
,38,Victini,4.97511%,182850,4.975%,140235,4.951%,
,39,Skarmory,4.83408%,177667,4.834%,146352,5.167%,
,40,Swampert-Mega,4.50894%,165717,4.509%,135022,4.767%,
,41,Pelipper,4.40103%,161751,4.401%,147920,5.222%,
,42,Dragonite,4.16159%,152951,4.162%,110296,3.894%,
,43,Keldeo,3.94395%,144952,3.944%,112281,3.964%,
,44,Venusaur-Mega,3.89122%,143014,3.891%,111008,3.919%,
,45,Jirachi,3.88823%,142904,3.888%,108896,3.844%,
,46,Gyarados-Mega,3.85286%,141604,3.853%,107394,3.791%,
,47,Mew,3.75624%,138053,3.756%,107461,3.794%,
,48,Weavile,3.51468%,129175,3.515%,94855,3.349%,
,49,Diancie-Mega,3.49770%,128551,3.498%,106802,3.770%,
,50,Tyranitar-Mega,3.29413%,121069,3.294%,94096,3.322%,
,51,Sableye-Mega,3.13158%,115095,3.132%,99162,3.501%,
,52,Pinsir-Mega,3.11969%,114658,3.120%,81008,2.860%,
,53,Gengar,2.94768%,108336,2.948%,76006,2.683%,
,54,Azumarill,2.81882%,103600,2.819%,79269,2.798%,
,55,Hoopa-Unbound,2.65679%,97645,2.657%,69083,2.439%,
,56,Gastrodon,2.61448%,96090,2.614%,76262,2.692%,
,57,Gyarados,2.59742%,95463,2.597%,72457,2.558%,
,58,Zeraora,2.36879%,87060,2.369%,65022,2.295%,
,59,Beedrill-Mega,2.31802%,85194,2.318%,64045,2.261%,
,60,Latios,2.30460%,84701,2.305%,61215,2.161%,
,61,Salamence,2.27446%,83593,2.274%,60106,2.122%,
,62,Infernape,2.26711%,83323,2.267%,62955,2.222%,
,63,Bisharp,2.17547%,79955,2.175%,56505,1.995%,
,64,Breloom,2.14606%,78874,2.146%,59209,2.090%,
,65,Ninetales-Alola,2.06664%,75955,2.067%,61137,2.158%,
,66,Kommo-o,1.97334%,72526,1.973%,52788,1.864%,
,67,Thundurus-Therian,1.97094%,72438,1.971%,56553,1.996%,
,68,Cloyster,1.94330%,71422,1.943%,53123,1.875%,
,69,Scizor,1.93538%,71131,1.935%,53147,1.876%,
,70,Snorlax,1.86766%,68642,1.868%,50874,1.796%,
,71,Gallade-Mega,1.82519%,67081,1.825%,47634,1.682%,
,72,Muk-Alola,1.78105%,65459,1.781%,50535,1.784%,
,73,Mamoswine,1.76163%,64745,1.762%,52797,1.864%,
,74,Conkeldurr,1.71706%,63107,1.717%,47609,1.681%,
,75,Togekiss,1.69752%,62389,1.698%,46088,1.627%,
,76,Hydreigon,1.68846%,62056,1.688%,46357,1.637%,
,77,Kingdra,1.67815%,61677,1.678%,43386,1.532%,
,78,Marowak-Alola,1.64738%,60546,1.647%,46628,1.646%,
,79,Umbreon,1.62643%,59776,1.626%,42627,1.505%,
,80,Hippowdon,1.60953%,59155,1.610%,51213,1.808%,
,81,Garchomp-Mega,1.60161%,58864,1.602%,42832,1.512%,
,82,Gardevoir-Mega,1.58597%,58289,1.586%,39964,1.411%,
,83,Araquanid,1.56670%,57581,1.567%,49209,1.737%,
,84,Staraptor,1.54273%,56700,1.543%,42641,1.505%,
,85,Xurkitree,1.52469%,56037,1.525%,41269,1.457%,
,86,Espeon,1.48548%,54596,1.485%,39665,1.400%,
,87,Manectric-Mega,1.48178%,54460,1.482%,43523,1.536%,
,88,Shuckle,1.46954%,54010,1.470%,47755,1.686%,
,89,Metagross,1.46696%,53915,1.467%,40471,1.429%,
,90,Arcanine,1.45199%,53365,1.452%,40951,1.446%,
,91,Nidoking,1.42968%,52545,1.430%,40867,1.443%,
,92,Latias-Mega,1.41224%,51904,1.412%,38481,1.358%,
,93,Porygon-Z,1.37156%,50409,1.372%,36066,1.273%,
,94,Latios-Mega,1.33450%,49047,1.335%,37006,1.306%,
,95,Goodra,1.32155%,48571,1.322%,36519,1.289%,
,96,Heracross-Mega,1.30553%,47982,1.306%,34716,1.226%,
,97,Galvantula,1.28406%,47193,1.284%,41249,1.456%,
,98,Manaphy,1.27900%,47007,1.279%,35046,1.237%,
,99,Ditto,1.27078%,46705,1.271%,34138,1.205%,
,100,Latias,1.26422%,46464,1.264%,33686,1.189%,
,101,Chandelure,1.25179%,46007,1.252%,34278,1.210%,
,102,Amoonguss,1.24194%,45645,1.242%,34893,1.232%,
,103,Venusaur,1.23751%,45482,1.238%,33226,1.173%,
,104,Volcanion,1.23005%,45208,1.230%,35714,1.261%,
,105,Blissey,1.22809%,45136,1.228%,33336,1.177%,
,106,Buzzwole,1.21898%,44801,1.219%,32529,1.148%,
,107,Milotic,1.21092%,44505,1.211%,33420,1.180%,
,108,Scolipede,1.20420%,44258,1.204%,32615,1.151%,
,109,Starmie,1.20156%,44161,1.202%,32283,1.140%,
,110,Salazzle,1.18211%,43446,1.182%,32418,1.144%,
,111,Jolteon,1.18029%,43379,1.180%,32782,1.157%,
,112,Alakazam,1.17863%,43318,1.179%,28286,0.999%,
,113,Crawdaunt,1.17060%,43023,1.171%,31833,1.124%,
,114,Incineroar,1.16518%,42824,1.165%,34552,1.220%,
,115,Reuniclus,1.16170%,42696,1.162%,29815,1.053%,
,116,Tentacruel,1.15607%,42489,1.156%,33220,1.173%,
,117,Ribombee,1.15218%,42346,1.152%,37687,1.330%,
,118,Cresselia,1.13784%,41819,1.138%,31737,1.120%,
,119,Lucario,1.12772%,41447,1.128%,29379,1.037%,
,120,Talonflame,1.02930%,37830,1.029%,27673,0.977%,
,121,Sceptile-Mega,1.02247%,37579,1.022%,27105,0.957%,
,122,Thundurus,1.00147%,36807,1.001%,28062,0.991%,
,123,Quagsire,0.99657%,36627,0.997%,27027,0.954%,
,124,Darmanitan,0.99146%,36439,0.991%,28174,0.995%,
,125,Crobat,0.98166%,36079,0.982%,26940,0.951%,
,126,Suicune,0.95214%,34994,0.952%,26929,0.951%,
,127,Forretress,0.94199%,34621,0.942%,30354,1.072%,
,128,Sylveon,0.92711%,34074,0.927%,23287,0.822%,
,129,Nihilego,0.89383%,32851,0.894%,25350,0.895%,
,130,Porygon2,0.88796%,32635,0.888%,25492,0.900%,
,131,Slowbro,0.88036%,32356,0.880%,25023,0.883%,
,132,Aerodactyl-Mega,0.85854%,31554,0.859%,23329,0.824%,
,133,Haxorus,0.83463%,30675,0.835%,20669,0.730%,
,134,Stakataka,0.83133%,30554,0.831%,22346,0.789%,
,135,Torkoal,0.82902%,30469,0.829%,27762,0.980%,
,136,Empoleon,0.82124%,30183,0.821%,23606,0.833%,
,137,Klefki,0.81754%,30047,0.818%,25452,0.899%,
,138,Aggron-Mega,0.80840%,29711,0.808%,24491,0.865%,
,139,Swampert,0.79221%,29116,0.792%,23981,0.847%,
,140,Krookodile,0.76614%,28158,0.766%,21656,0.765%,
,141,Diggersby,0.74979%,27557,0.750%,20973,0.740%,
,142,Smeargle,0.72601%,26683,0.726%,24005,0.847%,
,143,Ninetales,0.71970%,26451,0.720%,21228,0.749%,
,144,Altaria-Mega,0.71137%,26145,0.711%,18686,0.660%,
,145,Mandibuzz,0.70963%,26081,0.710%,20026,0.707%,
,146,Rotom-Heat,0.69115%,25402,0.691%,20790,0.734%,
,147,Whimsicott,0.68365%,25126,0.684%,19371,0.684%,
,148,Zoroark,0.66895%,24586,0.669%,11017,0.389%,
,149,Electivire,0.65317%,24006,0.653%,17905,0.632%,
,150,Vaporeon,0.65023%,23898,0.650%,18124,0.640%,
,151,Blastoise-Mega,0.64732%,23791,0.647%,18526,0.654%,
,152,Azelf,0.60806%,22348,0.608%,20055,0.708%,
,153,Mantine,0.59848%,21996,0.598%,17103,0.604%,
,154,Pidgeot-Mega,0.59818%,21985,0.598%,16660,0.588%,
,155,Slowbro-Mega,0.59481%,21861,0.595%,16647,0.588%,
,156,Uxie,0.59380%,21824,0.594%,20512,0.724%,
,157,Machamp,0.58499%,21500,0.585%,15662,0.553%,
,158,Primarina,0.57372%,21086,0.574%,16215,0.572%,
,159,Cofagrigus,0.57146%,21003,0.571%,16644,0.588%,
,160,Golem-Alola,0.56896%,20911,0.569%,16219,0.573%,
,161,Donphan,0.56518%,20772,0.565%,17405,0.614%,
,162,Roserade,0.56496%,20764,0.565%,15572,0.550%,
,163,Politoed,0.55334%,20337,0.553%,17168,0.606%,
,164,Feraligatr,0.55092%,20248,0.551%,14965,0.528%,
,165,Lycanroc-Dusk,0.52915%,19448,0.529%,14633,0.517%,
,166,Noivern,0.52292%,19219,0.523%,13787,0.487%,
,167,Alomomola,0.52091%,19145,0.521%,14754,0.521%,
,168,Gardevoir,0.51963%,19098,0.520%,12816,0.452%,
,169,Ludicolo,0.51773%,19028,0.518%,13758,0.486%,
,170,Pikachu,0.51258%,18839,0.513%,14292,0.505%,
,171,Flygon,0.51043%,18760,0.510%,13938,0.492%,
,172,Aerodactyl,0.50913%,18712,0.509%,16269,0.574%,
,173,Raichu-Alola,0.50905%,18709,0.509%,13034,0.460%,
,174,Bronzong,0.50170%,18439,0.502%,15717,0.555%,
,175,Zygarde-10%,0.49615%,18235,0.496%,13484,0.476%,
,176,Sigilyph,0.48415%,17794,0.484%,12296,0.434%,
,177,Decidueye,0.48314%,17757,0.483%,13155,0.464%,
,178,Houndoom-Mega,0.48249%,17733,0.482%,12930,0.456%,
,179,Slurpuff,0.47398%,17420,0.474%,12842,0.453%,
,180,Sharpedo-Mega,0.46962%,17260,0.470%,12074,0.426%,
,181,Absol-Mega,0.46693%,17161,0.467%,13142,0.464%,
,182,Terrakion,0.46410%,17057,0.464%,12392,0.437%,
,183,Seismitoad,0.45659%,16781,0.457%,14192,0.501%,
,184,Toxicroak,0.45509%,16726,0.455%,12176,0.430%,
,185,Blastoise,0.44247%,16262,0.442%,12352,0.436%,
,186,Sceptile,0.43896%,16133,0.439%,11175,0.395%,
,187,Typhlosion,0.43852%,16117,0.439%,11544,0.408%,
,188,Heracross,0.43191%,15874,0.432%,11138,0.393%,
,189,Shedinja,0.42870%,15756,0.429%,10436,0.368%,
,190,Hitmonlee,0.42647%,15674,0.426%,10732,0.379%,
,191,Ambipom,0.41852%,15382,0.419%,11945,0.422%,
,192,Eelektross,0.41809%,15366,0.418%,11832,0.418%,
,193,Golisopod,0.41270%,15168,0.413%,11595,0.409%,
,194,Florges,0.40778%,14987,0.408%,10675,0.377%,
,195,Pyukumuku,0.40742%,14974,0.407%,10953,0.387%,
,196,Swellow,0.40644%,14938,0.406%,10695,0.378%,
,197,Persian-Alola,0.40448%,14866,0.404%,12411,0.438%,
,198,Banette-Mega,0.40217%,14781,0.402%,11172,0.394%,
,199,Necrozma,0.39303%,14445,0.393%,10884,0.384%,
,200,Kyurem,0.39208%,14410,0.392%,11294,0.399%,
,201,Malamar,0.39077%,14362,0.391%,10478,0.370%,
,202,Drapion,0.39023%,14342,0.390%,10809,0.382%,
,203,Rhyperior,0.38778%,14252,0.388%,11179,0.395%,
,204,Raikou,0.38089%,13999,0.381%,10471,0.370%,
,205,Lapras,0.38049%,13984,0.380%,10534,0.372%,
,206,Scrafty,0.37738%,13870,0.377%,10270,0.363%,
,207,Froslass,0.37640%,13834,0.376%,11097,0.392%,
,208,Mienshao,0.37638%,13833,0.376%,10535,0.372%,
,209,Dusknoir,0.37445%,13762,0.374%,10697,0.378%,
,210,Entei,0.36740%,13503,0.367%,10254,0.362%,
,211,Camerupt-Mega,0.36598%,13451,0.366%,10483,0.370%,
,212,Minior,0.35891%,13191,0.359%,9670,0.341%,
,213,Celebi,0.35496%,13046,0.355%,9583,0.338%,
,214,Honchkrow,0.34860%,12812,0.349%,9130,0.322%,
,215,Charizard,0.34248%,12587,0.342%,9337,0.330%,
,216,Linoone,0.34076%,12524,0.341%,8718,0.308%,
,217,Xatu,0.33826%,12432,0.338%,9793,0.346%,
,218,Moltres,0.33796%,12421,0.338%,9346,0.330%,
,219,Dusclops,0.33102%,12166,0.331%,9397,0.332%,
,220,Chesnaught,0.32906%,12094,0.329%,9032,0.319%,
,221,Trevenant,0.32495%,11943,0.325%,8429,0.298%,
,222,Torterra,0.32435%,11921,0.324%,9083,0.321%,
,223,Steelix-Mega,0.31562%,11600,0.316%,9148,0.323%,
,224,Ampharos-Mega,0.31208%,11470,0.312%,8393,0.296%,
,225,Tyrantrum,0.31206%,11469,0.312%,8202,0.290%,
,226,Doublade,0.30993%,11391,0.310%,8424,0.297%,
,227,Heliolisk,0.29894%,10987,0.299%,7991,0.282%,
,228,Kabutops,0.29848%,10970,0.298%,7922,0.280%,
,229,Druddigon,0.28939%,10636,0.289%,9616,0.339%,
,230,Accelgor,0.28702%,10549,0.287%,8609,0.304%,
,231,Cradily,0.28490%,10471,0.285%,7934,0.280%,
,232,Avalugg,0.27987%,10286,0.280%,7399,0.261%,
,233,Yanmega,0.27383%,10064,0.274%,7279,0.257%,
,234,Weezing,0.27198%,9996,0.272%,7985,0.282%,
,235,Delphox,0.26384%,9697,0.264%,7317,0.258%,
,236,Sableye,0.26248%,9647,0.262%,7178,0.253%,
,237,Jellicent,0.26202%,9630,0.262%,7202,0.254%,
,238,Nidoqueen,0.25807%,9485,0.258%,7785,0.275%,
,239,Mismagius,0.25489%,9368,0.255%,6789,0.240%,
,240,Sandslash-Alola,0.25380%,9328,0.254%,7023,0.248%,
,241,Gigalith,0.25073%,9215,0.251%,7577,0.267%,
,242,Abomasnow-Mega,0.24801%,9115,0.248%,7158,0.253%,
,243,Vikavolt,0.24730%,9089,0.247%,6716,0.237%,
,244,Luxray,0.24662%,9064,0.247%,6655,0.235%,
,245,Exeggutor-Alola,0.24572%,9031,0.246%,6654,0.235%,
,246,Cinccino,0.24403%,8969,0.244%,6284,0.222%,
,247,Aggron,0.24371%,8957,0.244%,6831,0.241%,
,248,Rampardos,0.24297%,8930,0.243%,5714,0.202%,
,249,Tsareena,0.23908%,8787,0.239%,6500,0.229%,
,250,Cobalion,0.23620%,8681,0.236%,6759,0.239%,
,251,Slaking,0.23525%,8646,0.235%,6363,0.225%,
,252,Dragalge,0.23002%,8454,0.230%,6207,0.219%,
,253,Dhelmise,0.22959%,8438,0.230%,6281,0.222%,
,254,Miltank,0.22567%,8294,0.226%,6086,0.215%,
,255,Leafeon,0.22548%,8287,0.225%,5918,0.209%,
,256,Omastar,0.22322%,8204,0.223%,6109,0.216%,
,257,Slowking,0.22292%,8193,0.223%,6208,0.219%,
,258,Lanturn,0.22110%,8126,0.221%,6266,0.221%,
,259,Meloetta,0.21990%,8082,0.220%,5831,0.206%,
,260,Raichu,0.21625%,7948,0.216%,5841,0.206%,
,261,Sharpedo,0.21277%,7820,0.213%,5656,0.200%,
,262,Steelix,0.19509%,7170,0.195%,5829,0.206%,
,263,Meowstic,0.19484%,7161,0.195%,5798,0.205%,
,264,Togedemaru,0.19419%,7137,0.194%,5589,0.197%,
,265,Claydol,0.19228%,7067,0.192%,5609,0.198%,
,266,Magneton,0.19128%,7030,0.191%,5330,0.188%,
,267,Durant,0.19111%,7024,0.191%,5004,0.177%,
,268,Golurk,0.19087%,7015,0.191%,5211,0.184%,
,269,Zangoose,0.19022%,6991,0.190%,4689,0.166%,
,270,Poliwrath,0.19003%,6984,0.190%,5294,0.187%,
,271,Vivillon,0.18948%,6964,0.189%,5150,0.182%,
,272,Emboar,0.18926%,6956,0.189%,5215,0.184%,
,273,Exeggutor,0.18869%,6935,0.189%,4907,0.173%,
,274,Magmortar,0.18684%,6867,0.187%,5178,0.183%,
,275,Spiritomb,0.18581%,6829,0.186%,5070,0.179%,
,276,Lycanroc,0.18420%,6770,0.184%,5081,0.179%,
,277,Comfey,0.18213%,6694,0.182%,4789,0.169%,
,278,Vileplume,0.18145%,6669,0.181%,4927,0.174%,
,279,Flareon,0.18143%,6668,0.181%,5001,0.177%,
,280,Ursaring,0.17609%,6472,0.176%,4502,0.159%,
,281,Victreebel,0.17574%,6459,0.176%,4755,0.168%,
,282,Registeel,0.17517%,6438,0.175%,5216,0.184%,
,283,Glalie-Mega,0.17514%,6437,0.175%,4814,0.170%,
,284,Rhydon,0.17471%,6421,0.175%,5028,0.178%,
,285,Articuno,0.17430%,6406,0.174%,4785,0.169%,
,286,Ninjask,0.17245%,6338,0.172%,4709,0.166%,
,287,Braviary,0.17109%,6288,0.171%,4498,0.159%,
,288,Scyther,0.16722%,6146,0.167%,4190,0.148%,
,289,Gallade,0.16524%,6073,0.165%,4291,0.151%,
,290,Hitmontop,0.16410%,6031,0.164%,4634,0.164%,
,291,Hitmonchan,0.16374%,6018,0.164%,4484,0.158%,
,292,Tauros,0.16284%,5985,0.163%,4331,0.153%,
,293,Tornadus,0.16260%,5976,0.163%,4598,0.162%,
,294,Rotom-Mow,0.16189%,5950,0.162%,4650,0.164%,
,295,Lurantis,0.16056%,5901,0.161%,4326,0.153%,
,296,Hariyama,0.15939%,5858,0.159%,4421,0.156%,
,297,Liepard,0.15887%,5839,0.159%,4535,0.160%,
,298,Golem,0.15610%,5737,0.156%,4802,0.170%,
,299,Archeops,0.15523%,5705,0.155%,4242,0.150%,
,300,Primeape,0.15425%,5669,0.154%,3958,0.140%,
,301,Houndoom,0.15400%,5660,0.154%,4012,0.142%,
,302,Mudsdale,0.15223%,5595,0.152%,4473,0.158%,
,303,Regice,0.14842%,5455,0.148%,3959,0.140%,
,304,Audino-Mega,0.14644%,5382,0.146%,3693,0.130%,
,305,Drampa,0.14402%,5293,0.144%,3898,0.138%,
,306,Bewear,0.14045%,5162,0.140%,3663,0.129%,
,307,Masquerain,0.14010%,5149,0.140%,4474,0.158%,
,308,Venomoth,0.13950%,5127,0.139%,3557,0.126%,
,309,Stoutland,0.13819%,5079,0.138%,3600,0.127%,
,310,Exploud,0.13719%,5042,0.137%,3692,0.130%,
,311,Tropius,0.13593%,4996,0.136%,3651,0.129%,
,312,Pangoro,0.13577%,4990,0.136%,3526,0.124%,
,313,Glaceon,0.13493%,4959,0.135%,3465,0.122%,
,314,Sawsbuck,0.13302%,4889,0.133%,3486,0.123%,
,315,Aron,0.13191%,4848,0.132%,3244,0.115%,
,316,Clawitzer,0.13112%,4819,0.131%,3550,0.125%,
,317,Lilligant,0.12989%,4774,0.130%,3369,0.119%,
,318,Kecleon,0.12976%,4769,0.130%,3797,0.134%,
,319,Floatzel,0.12862%,4727,0.129%,3432,0.121%,
,320,Cryogonal,0.12851%,4723,0.129%,3500,0.124%,
,321,Carracosta,0.12799%,4704,0.128%,3409,0.120%,
,322,Electrode,0.12451%,4576,0.125%,3794,0.134%,
,323,Barbaracle,0.12317%,4527,0.123%,3259,0.115%,
,324,Palossand,0.12298%,4520,0.123%,3499,0.124%,
,325,Armaldo,0.12192%,4481,0.122%,3417,0.121%,
,326,Audino,0.12002%,4411,0.120%,3425,0.121%,
,327,Kingler,0.11980%,4403,0.120%,3252,0.115%,
,328,Drifblim,0.11931%,4385,0.119%,3236,0.114%,
,329,Shaymin,0.11920%,4381,0.119%,3177,0.112%,
,330,Samurott,0.11836%,4350,0.118%,3259,0.115%,
,331,Rapidash,0.11738%,4314,0.117%,3125,0.110%,
,332,Komala,0.11673%,4290,0.117%,3078,0.109%,
,333,Turtonator,0.11542%,4242,0.115%,3138,0.111%,
,334,Diancie,0.11357%,4174,0.114%,3164,0.112%,
,335,Lycanroc-Midnight,0.11305%,4155,0.113%,3061,0.108%,
,336,Qwilfish,0.11150%,4098,0.112%,3096,0.109%,
,337,Ariados,0.11047%,4060,0.110%,3440,0.121%,
,338,Butterfree,0.10971%,4032,0.110%,3100,0.109%,
,339,Escavalier,0.10649%,3914,0.106%,2869,0.101%,
,340,Gligar,0.10620%,3903,0.106%,3125,0.110%,
,341,Meganium,0.10484%,3853,0.105%,2818,0.099%,
,342,Sawk,0.10239%,3763,0.102%,2638,0.093%,
,343,Virizion,0.10152%,3731,0.102%,2784,0.098%,
,344,Cacturne,0.09967%,3663,0.100%,2548,0.090%,
,345,Medicham,0.09950%,3657,0.100%,2666,0.094%,
,346,Leavanny,0.09719%,3572,0.097%,2817,0.099%,
,347,Crustle,0.09624%,3537,0.096%,2735,0.097%,
,348,Chatot,0.09569%,3517,0.096%,2719,0.096%,
,349,Aurorus,0.09395%,3453,0.094%,2721,0.096%,
,350,Shiftry,0.09365%,3442,0.094%,2459,0.087%,
,351,Silvally,0.09335%,3431,0.093%,2639,0.093%,
,352,Guzzlord,0.09262%,3404,0.093%,2495,0.088%,
,353,Pyroar,0.09251%,3400,0.093%,2562,0.090%,
,354,Zygarde,0.09243%,3397,0.092%,2451,0.087%,
,355,Hoopa,0.09036%,3321,0.090%,2566,0.091%,
,356,Walrein,0.09028%,3318,0.090%,2498,0.088%,
,357,Beartic,0.08998%,3307,0.090%,2286,0.081%,
,358,Swoobat,0.08930%,3282,0.089%,2295,0.081%,
,359,Ampharos,0.08916%,3277,0.089%,2438,0.086%,
,360,Shiinotic,0.08884%,3265,0.089%,2390,0.084%,
,361,Crabominable,0.08873%,3261,0.089%,2310,0.082%,
,362,Probopass,0.08690%,3194,0.087%,2406,0.085%,
,363,Vanilluxe,0.08658%,3182,0.087%,2421,0.085%,
,364,Wobbuffet,0.08598%,3160,0.086%,2383,0.084%,
,365,Absol,0.08427%,3097,0.084%,2090,0.074%,
,366,Manectric,0.08402%,3088,0.084%,2291,0.081%,
,367,Dugtrio,0.08372%,3077,0.084%,2414,0.085%,
,368,Rattata,0.08337%,3064,0.083%,2295,0.081%,
,369,Pineco,0.08318%,3057,0.083%,2370,0.084%,
,370,Wishiwashi,0.08233%,3026,0.082%,2179,0.077%,
,371,Dodrio,0.08176%,3005,0.082%,2174,0.077%,
,372,Toucannon,0.07964%,2927,0.080%,2230,0.079%,
,373,Bastiodon,0.07904%,2905,0.079%,2388,0.084%,
,374,Regirock,0.07885%,2898,0.079%,2242,0.079%,
,375,Bouffalant,0.07855%,2887,0.079%,2074,0.073%,
,376,Mr.Mime,0.07844%,2883,0.078%,2087,0.074%,
,377,Jynx,0.07801%,2867,0.078%,2049,0.072%,
,378,Lickilicky,0.07746%,2847,0.077%,2152,0.076%,
,379,Cottonee,0.07719%,2837,0.077%,1868,0.066%,
,380,Golduck,0.07681%,2823,0.077%,2032,0.072%,
,381,Arbok,0.07643%,2809,0.076%,2071,0.073%,
,382,Muk,0.07542%,2772,0.075%,2158,0.076%,
,383,Bellossom,0.07485%,2751,0.075%,1986,0.070%,
,384,Nosepass,0.07458%,2741,0.075%,2077,0.073%,
,385,Sandslash,0.07401%,2720,0.074%,2205,0.078%,
,386,Marowak,0.07368%,2708,0.074%,2077,0.073%,
,387,Abomasnow,0.07344%,2699,0.073%,2147,0.076%,
,388,Granbull,0.07289%,2679,0.073%,1935,0.068%,
,389,Regigigas,0.07191%,2643,0.072%,1908,0.067%,
,390,Rotom-Frost,0.07142%,2625,0.071%,1977,0.070%,
,391,Eevee,0.07110%,2613,0.071%,1895,0.067%,
,392,Noctowl,0.07058%,2594,0.071%,1881,0.066%,
,393,Tangela,0.07042%,2588,0.070%,1912,0.067%,
,394,Gourgeist-Super,0.07001%,2573,0.070%,1983,0.070%,
,395,Wailord,0.06974%,2563,0.070%,1824,0.064%,
,396,Carbink,0.06935%,2549,0.069%,2206,0.078%,
,397,Wigglytuff,0.06873%,2526,0.069%,1765,0.062%,
,398,Murkrow,0.06685%,2457,0.067%,1755,0.062%,
,399,Jumpluff,0.06655%,2446,0.067%,1799,0.064%,
,400,Stunfisk,0.06595%,2424,0.066%,1943,0.069%,
,401,Gogoat,0.06582%,2419,0.066%,1741,0.061%,
,402,Emolga,0.06557%,2410,0.066%,1870,0.066%,
,403,Magcargo,0.06500%,2389,0.065%,1758,0.062%,
,404,Klinklang,0.06462%,2375,0.065%,1700,0.060%,
,405,Bibarel,0.06146%,2259,0.061%,1682,0.059%,
,406,Piloswine,0.06114%,2247,0.061%,1929,0.068%,
,407,Mesprit,0.06114%,2247,0.061%,1876,0.066%,
,408,Dugtrio-Alola,0.06097%,2241,0.061%,1748,0.062%,
,409,Mimikyu-Totem,0.05937%,2182,0.059%,1354,0.048%,
,410,Zebstrika,0.05806%,2134,0.058%,1584,0.056%,
,411,Kangaskhan,0.05787%,2127,0.058%,1641,0.058%,
,412,Dedenne,0.05779%,2124,0.058%,1476,0.052%,
,413,Persian,0.05624%,2067,0.056%,1597,0.056%,
,414,Silvally-Steel,0.05483%,2015,0.055%,1595,0.056%,
,415,Pidgeot,0.05477%,2013,0.055%,1378,0.049%,
,416,Magnemite,0.05442%,2000,0.054%,1303,0.046%,
,417,Dunsparce,0.05401%,1985,0.054%,1423,0.050%,
,418,Garbodor,0.05387%,1980,0.054%,1558,0.055%,
,419,Furfrou,0.05374%,1975,0.054%,1391,0.049%,
,420,Bruxish,0.05363%,1971,0.054%,1350,0.048%,
,421,Unfezant,0.05270%,1937,0.053%,1419,0.050%,
,422,Altaria,0.05205%,1913,0.052%,1365,0.048%,
,423,Raticate,0.05118%,1881,0.051%,1392,0.049%,
,424,Togetic,0.05023%,1846,0.050%,1314,0.046%,
,425,Rotom,0.04955%,1821,0.050%,1387,0.049%,
,426,Combusken,0.04846%,1781,0.048%,1337,0.047%,
,427,Pachirisu,0.04786%,1759,0.048%,1334,0.047%,
,428,Haunter,0.04742%,1743,0.047%,1375,0.049%,
,429,Golbat,0.04715%,1733,0.047%,1386,0.049%,
,430,Whiscash,0.04653%,1710,0.047%,1367,0.048%,
,431,Purugly,0.04579%,1683,0.046%,1194,0.042%,
,432,Seaking,0.04508%,1657,0.045%,1135,0.040%,
,433,Vespiquen,0.04498%,1653,0.045%,1070,0.038%,
,434,Skuntank,0.04386%,1612,0.044%,1200,0.042%,
,435,Musharna,0.04340%,1595,0.043%,1073,0.038%,
,436,Lopunny,0.04310%,1584,0.043%,1165,0.041%,
,437,Type:Null,0.04307%,1583,0.043%,1195,0.042%,
,438,Camerupt,0.04196%,1542,0.042%,1187,0.042%,
,439,Taillow,0.04166%,1531,0.042%,912,0.032%,
,440,Sudowoodo,0.04155%,1527,0.042%,1175,0.041%,
,441,Illumise,0.04147%,1524,0.041%,1188,0.042%,
,442,Aromatisse,0.04117%,1513,0.041%,1080,0.038%,
,443,Mightyena,0.04095%,1505,0.041%,1121,0.040%,
,444,Seviper,0.04027%,1480,0.040%,1101,0.039%,
,445,Passimian,0.03959%,1455,0.040%,973,0.034%,
,446,Hypno,0.03855%,1417,0.039%,1083,0.038%,
,447,Volbeat,0.03766%,1384,0.038%,1102,0.039%,
,448,Gorebyss,0.03749%,1378,0.037%,965,0.034%,
,449,Gothitelle,0.03728%,1370,0.037%,935,0.033%,
,450,Spinda,0.03676%,1351,0.037%,1098,0.039%,
,451,Octillery,0.03578%,1315,0.036%,896,0.032%,
,452,Chimecho,0.03537%,1300,0.035%,864,0.031%,
,453,Furret,0.03477%,1278,0.035%,1048,0.037%,
,454,Swanna,0.03393%,1247,0.034%,916,0.032%,
,455,Delibird,0.03352%,1232,0.034%,977,0.034%,
,456,Rotom-Fan,0.03298%,1212,0.033%,908,0.032%,
,457,Dewgong,0.03270%,1202,0.033%,875,0.031%,
,458,Gumshoos,0.03265%,1200,0.033%,823,0.029%,
,459,Silvally-Ground,0.03251%,1195,0.033%,938,0.033%,
,460,Relicanth,0.03205%,1178,0.032%,861,0.030%,
,461,Mawile,0.03202%,1177,0.032%,855,0.030%,
,462,Heatmor,0.03178%,1168,0.032%,872,0.031%,
,463,Electabuzz,0.03153%,1159,0.032%,906,0.032%,
,464,Onix,0.03132%,1151,0.031%,997,0.035%,
,465,Maractus,0.03064%,1126,0.031%,802,0.028%,
,466,Farfetch'd,0.03056%,1123,0.031%,791,0.028%,
,467,Silvally-Fairy,0.03042%,1118,0.030%,824,0.029%,
,468,Raticate-Alola,0.03039%,1117,0.030%,770,0.027%,
,469,Corsola,0.02909%,1069,0.029%,806,0.028%,
,470,Beheeyem,0.02909%,1069,0.029%,768,0.027%,
,471,Throh,0.02898%,1065,0.029%,797,0.028%,
,472,Clefairy,0.02797%,1028,0.028%,756,0.027%,
,473,Braixen,0.02743%,1008,0.027%,664,0.023%,
,474,Oricorio-Pom-Pom,0.02734%,1005,0.027%,688,0.024%,
,475,Delcatty,0.02721%,1000,0.027%,756,0.027%,
,476,Magmar,0.02685%,987,0.027%,728,0.026%,
,477,Bulbasaur,0.02683%,986,0.027%,749,0.026%,
,478,Swalot,0.02672%,982,0.027%,762,0.027%,
,479,Misdreavus,0.02666%,980,0.027%,785,0.028%,
,480,Pinsir,0.02560%,941,0.026%,626,0.022%,
,481,Parasect,0.02541%,934,0.025%,675,0.024%,
,482,Oranguru,0.02435%,895,0.024%,662,0.023%,
,483,Glalie,0.02389%,878,0.024%,649,0.023%,
,484,Basculin,0.02383%,876,0.024%,687,0.024%,
,485,Dragonair,0.02383%,876,0.024%,617,0.022%,
,486,Kricketune,0.02378%,874,0.024%,736,0.026%,
,487,Silvally-Ghost,0.02354%,865,0.024%,660,0.023%,
,488,Stantler,0.02256%,829,0.023%,559,0.020%,
,489,Fearow,0.02256%,829,0.023%,633,0.022%,
,490,Grumpig,0.02237%,822,0.022%,603,0.021%,
,491,Sneasel,0.02215%,814,0.022%,580,0.020%,
,492,Ivysaur,0.02169%,797,0.022%,603,0.021%,
,493,Dustox,0.02166%,796,0.022%,500,0.018%,
,494,Oricorio-Sensu,0.02149%,790,0.021%,519,0.018%,
,495,Gourgeist,0.02144%,788,0.021%,564,0.020%,
,496,Vigoroth,0.02071%,761,0.021%,630,0.022%,
,497,Kadabra,0.02071%,761,0.021%,536,0.019%,
,498,Squirtle,0.02071%,761,0.021%,584,0.021%,
,499,Solrock,0.02062%,758,0.021%,593,0.021%,
,500,Clamperl,0.02060%,757,0.021%,555,0.020%,
,501,Beautifly,0.02052%,754,0.021%,522,0.018%,
,502,Simisear,0.02046%,752,0.020%,514,0.018%,
,503,Huntail,0.02041%,750,0.020%,518,0.018%,
,504,Simipour,0.01997%,734,0.020%,466,0.016%,
,505,Girafarig,0.01984%,729,0.020%,500,0.018%,
,506,Beedrill,0.01978%,727,0.020%,574,0.020%,
,507,Castform,0.01932%,710,0.019%,545,0.019%,
,508,Solosis,0.01915%,704,0.019%,396,0.014%,
,509,Jigglypuff,0.01891%,695,0.019%,578,0.020%,
,510,Sunflora,0.01875%,689,0.019%,474,0.017%,
,511,Riolu,0.01853%,681,0.019%,479,0.017%,
,512,Banette,0.01850%,680,0.019%,514,0.018%,
,513,Simisage,0.01790%,658,0.018%,443,0.016%,
,514,Marowak-Alola-Totem,0.01760%,647,0.018%,507,0.018%,
,515,Oricorio,0.01750%,643,0.017%,397,0.014%,
,516,Lunatone,0.01728%,635,0.017%,448,0.016%,
,517,Pikachu-Original,0.01706%,627,0.017%,271,0.010%,
,518,Magikarp,0.01692%,622,0.017%,493,0.017%,
,519,Silvally-Flying,0.01592%,585,0.016%,499,0.018%,
,520,Bayleef,0.01573%,578,0.016%,456,0.016%,
,521,Silvally-Fire,0.01567%,576,0.016%,414,0.015%,
,522,Ferroseed,0.01521%,559,0.015%,468,0.017%,
,523,Starly,0.01516%,557,0.015%,319,0.011%,
,524,Salazzle-Totem,0.01516%,557,0.015%,411,0.015%,
,525,Natu,0.01502%,552,0.015%,468,0.017%,
,526,Kommo-o-Totem,0.01442%,530,0.014%,406,0.014%,
,527,Lumineon,0.01428%,525,0.014%,397,0.014%,
,528,Silvally-Water,0.01426%,524,0.014%,403,0.014%,
,529,Charmeleon,0.01412%,519,0.014%,437,0.015%,
,530,Silvally-Electric,0.01407%,517,0.014%,386,0.014%,
,531,Machoke,0.01379%,507,0.014%,392,0.014%,
,532,Ledian,0.01377%,506,0.014%,361,0.013%,
,533,Marshtomp,0.01374%,505,0.014%,435,0.015%,
,534,Plusle,0.01374%,505,0.014%,359,0.013%,
,535,Buizel,0.01331%,489,0.013%,384,0.014%,
,536,Bidoof,0.01328%,488,0.013%,389,0.014%,
,537,Minun,0.01290%,474,0.013%,334,0.012%,
,538,Silvally-Grass,0.01287%,473,0.013%,394,0.014%,
,539,Cherrim,0.01246%,458,0.012%,317,0.011%,
,540,Poipole,0.01246%,458,0.012%,330,0.012%,
,541,Torracat,0.01227%,451,0.012%,338,0.012%,
,542,Shelgon,0.01178%,433,0.012%,345,0.012%,
,543,Carnivine,0.01165%,428,0.012%,325,0.011%,
,544,Munchlax,0.01140%,419,0.011%,299,0.011%,
,545,Sliggoo,0.01129%,415,0.011%,292,0.010%,
,546,Lairon,0.01126%,414,0.011%,337,0.012%,
,547,Gurdurr,0.01107%,407,0.011%,293,0.010%,
,548,Silvally-Poison,0.01094%,402,0.011%,268,0.009%,
,549,Silvally-Dragon,0.01058%,389,0.011%,285,0.010%,
,550,Wartortle,0.01056%,388,0.011%,303,0.011%,
,551,Swinub,0.01045%,384,0.010%,349,0.012%,
,552,Watchog,0.01020%,375,0.010%,282,0.010%,
,553,Yamask,0.01018%,374,0.010%,296,0.010%,
,554,Swirlix,0.01007%,370,0.010%,322,0.011%,
,555,Lampent,0.00977%,359,0.010%,226,0.008%,
,556,Rattata-Alola,0.00960%,353,0.010%,257,0.009%,
,557,Whirlipede,0.00950%,349,0.009%,296,0.010%,
,558,Gourgeist-Small,0.00947%,348,0.009%,249,0.009%,
,559,Lickitung,0.00920%,338,0.009%,255,0.009%,
,560,Doduo,0.00903%,332,0.009%,198,0.007%,
,561,Metapod,0.00895%,329,0.009%,253,0.009%,
,562,Silvally-Dark,0.00895%,329,0.009%,213,0.008%,
,563,Hippopotas,0.00871%,320,0.009%,251,0.009%,
,564,Pichu,0.00865%,318,0.009%,241,0.009%,
,565,Koffing,0.00838%,308,0.008%,227,0.008%,
,566,Marill,0.00803%,295,0.008%,222,0.008%,
,567,Wormadam,0.00775%,285,0.008%,208,0.007%,
,568,Mothim,0.00775%,285,0.008%,190,0.007%,
,569,Roselia,0.00770%,283,0.008%,231,0.008%,
,570,Quilava,0.00759%,279,0.008%,197,0.007%,
,571,Grovyle,0.00751%,276,0.008%,191,0.007%,
,572,Silvally-Fighting,0.00740%,272,0.007%,193,0.007%,
,573,Seadra,0.00740%,272,0.007%,203,0.007%,
,574,Treecko,0.00735%,270,0.007%,150,0.005%,
,575,Piplup,0.00718%,264,0.007%,199,0.007%,
,576,Aipom,0.00710%,261,0.007%,206,0.007%,
,577,Caterpie,0.00710%,261,0.007%,197,0.007%,
,578,Silvally-Bug,0.00697%,256,0.007%,193,0.007%,
,579,Abra,0.00694%,255,0.007%,197,0.007%,
,580,Carvanha,0.00683%,251,0.007%,176,0.006%,
,581,Araquanid-Totem,0.00680%,250,0.007%,166,0.006%,
,582,Cosmoem,0.00664%,244,0.007%,72,0.003%,
,583,Pikachu-Kalos,0.00664%,244,0.007%,201,0.007%,
,584,Grotle,0.00664%,244,0.007%,189,0.007%,
,585,Wormadam-Sandy,0.00656%,241,0.007%,195,0.007%,
,586,Silvally-Ice,0.00637%,234,0.006%,170,0.006%,
,587,Charmander,0.00626%,230,0.006%,182,0.006%,
,588,Feebas,0.00618%,227,0.006%,174,0.006%,
,589,Swadloon,0.00618%,227,0.006%,187,0.007%,
,590,Bunnelby,0.00615%,226,0.006%,149,0.005%,
,591,Gastly,0.00612%,225,0.006%,164,0.006%,
,592,Porygon,0.00612%,225,0.006%,174,0.006%,
,593,Charjabug,0.00604%,222,0.006%,152,0.005%,
,594,Gible,0.00590%,217,0.006%,166,0.006%,
,595,Kakuna,0.00588%,216,0.006%,148,0.005%,
,596,Weedle,0.00585%,215,0.006%,158,0.006%,
,597,Pikachu-Alola,0.00582%,214,0.006%,155,0.005%,
,598,Dewott,0.00582%,214,0.006%,175,0.006%,
,599,Graveler,0.00580%,213,0.006%,178,0.006%,
,600,Metang,0.00580%,213,0.006%,173,0.006%,
,601,Dartrix,0.00577%,212,0.006%,144,0.005%,
,602,Poliwhirl,0.00569%,209,0.006%,125,0.004%,
,603,Rowlet,0.00555%,204,0.006%,164,0.006%,
,604,Wormadam-Trash,0.00544%,200,0.005%,159,0.006%,
,605,Croconaw,0.00539%,198,0.005%,145,0.005%,
,606,Psyduck,0.00528%,194,0.005%,147,0.005%,
,607,Geodude,0.00528%,194,0.005%,157,0.006%,
,608,Vikavolt-Totem,0.00517%,190,0.005%,124,0.004%,
,609,Buneary,0.00514%,189,0.005%,127,0.004%,
,610,Silvally-Psychic,0.00512%,188,0.005%,133,0.005%,
,611,Flaaffy,0.00512%,188,0.005%,151,0.005%,
,612,Gloom,0.00506%,186,0.005%,136,0.005%,
,613,Servine,0.00501%,184,0.005%,119,0.004%,
,614,Meowth,0.00495%,182,0.005%,125,0.004%,
,615,Sealeo,0.00492%,181,0.005%,144,0.005%,
,616,Zorua,0.00490%,180,0.005%,71,0.003%,
,617,Pawniard,0.00490%,180,0.005%,102,0.004%,
,618,Pignite,0.00484%,178,0.005%,138,0.005%,
,619,Zweilous,0.00482%,177,0.005%,134,0.005%,
,620,Gabite,0.00482%,177,0.005%,138,0.005%,
,621,Phione,0.00479%,176,0.005%,135,0.005%,
,622,Frogadier,0.00476%,175,0.005%,132,0.005%,
,623,Luvdisc,0.00473%,174,0.005%,140,0.005%,
,624,Litten,0.00471%,173,0.005%,134,0.005%,
,625,Voltorb,0.00468%,172,0.005%,144,0.005%,
,626,Growlithe,0.00463%,170,0.005%,123,0.004%,
,627,Litwick,0.00463%,170,0.005%,137,0.005%,
,628,Zubat,0.00460%,169,0.005%,143,0.005%,
,629,Totodile,0.00452%,166,0.005%,132,0.005%,
,630,Unown,0.00452%,166,0.005%,116,0.004%,
,631,Chespin,0.00430%,158,0.004%,121,0.004%,
,632,Bronzor,0.00430%,158,0.004%,113,0.004%,
,633,Corphish,0.00424%,156,0.004%,117,0.004%,
,634,Klang,0.00422%,155,0.004%,115,0.004%,
,635,Yanma,0.00422%,155,0.004%,119,0.004%,
,636,Salandit,0.00419%,154,0.004%,125,0.004%,
,637,Omanyte,0.00414%,152,0.004%,129,0.005%,
,638,Trapinch,0.00408%,150,0.004%,111,0.004%,
,639,Snivy,0.00408%,150,0.004%,106,0.004%,
,640,Monferno,0.00400%,147,0.004%,109,0.004%,
,641,Ralts,0.00397%,146,0.004%,102,0.004%,
,642,Torchic,0.00395%,145,0.004%,118,0.004%,
,643,Vulpix-Alola,0.00392%,144,0.004%,108,0.004%,
,644,Graveler-Alola,0.00384%,141,0.004%,116,0.004%,
,645,Palpitoad,0.00384%,141,0.004%,122,0.004%,
,646,Cleffa,0.00381%,140,0.004%,80,0.003%,
,647,Wooper,0.00375%,138,0.004%,103,0.004%,
,648,Mareanie,0.00375%,138,0.004%,107,0.004%,
,649,Zigzagoon,0.00375%,138,0.004%,110,0.004%,
,650,Cyndaquil,0.00367%,135,0.004%,86,0.003%,
,651,Togepi,0.00365%,134,0.004%,113,0.004%,
,652,Lileep,0.00365%,134,0.004%,113,0.004%,
,653,Duosion,0.00359%,132,0.004%,89,0.003%,
,654,Mudkip,0.00359%,132,0.004%,94,0.003%,
,655,Prinplup,0.00356%,131,0.004%,111,0.004%,
,656,Fraxure,0.00356%,131,0.004%,93,0.003%,
,657,Numel,0.00354%,130,0.004%,102,0.004%,
,658,Skitty,0.00351%,129,0.004%,107,0.004%,
,659,Meowth-Alola,0.00346%,127,0.003%,121,0.004%,
,660,Spoink,0.00343%,126,0.003%,75,0.003%,
,661,Bellsprout,0.00340%,125,0.003%,94,0.003%,
,662,Tentacool,0.00337%,124,0.003%,99,0.003%,
,663,Wailmer,0.00329%,121,0.003%,81,0.003%,
,664,Fletchinder,0.00327%,120,0.003%,86,0.003%,
,665,Oshawott,0.00324%,119,0.003%,98,0.003%,
,666,Meditite,0.00321%,118,0.003%,96,0.003%,
,667,Cubone,0.00321%,118,0.003%,89,0.003%,
,668,Anorith,0.00316%,116,0.003%,85,0.003%,
,669,Chimchar,0.00316%,116,0.003%,91,0.003%,
,670,Glameow,0.00316%,116,0.003%,97,0.003%,
,671,Sunkern,0.00313%,115,0.003%,94,0.003%,
,672,Pidgeotto,0.00310%,114,0.003%,95,0.003%,
,673,Vulpix,0.00307%,113,0.003%,95,0.003%,
,674,Quilladin,0.00307%,113,0.003%,88,0.003%,
,675,Pidgey,0.00302%,111,0.003%,92,0.003%,
,676,Mudbray,0.00294%,108,0.003%,81,0.003%,
,677,Duskull,0.00294%,108,0.003%,100,0.004%,
,678,Spinarak,0.00294%,108,0.003%,93,0.003%,
,679,Gourgeist-Large,0.00291%,107,0.003%,80,0.003%,
,680,Scraggy,0.00288%,106,0.003%,84,0.003%,
,681,Phanpy,0.00288%,106,0.003%,92,0.003%,
,682,Mantyke,0.00288%,106,0.003%,83,0.003%,
,683,Tyrunt,0.00286%,105,0.003%,74,0.003%,
,684,Staryu,0.00283%,104,0.003%,87,0.003%,
,685,Boldore,0.00280%,103,0.003%,82,0.003%,
,686,Croagunk,0.00280%,103,0.003%,84,0.003%,
,687,Hakamo-o,0.00278%,102,0.003%,79,0.003%,
,688,Shroomish,0.00278%,102,0.003%,75,0.003%,
,689,Purrloin,0.00269%,99,0.003%,85,0.003%,
,690,Vullaby,0.00269%,99,0.003%,80,0.003%,
,691,Drowzee,0.00267%,98,0.003%,71,0.003%,
,692,Spritzee,0.00264%,97,0.003%,70,0.002%,
,693,Archen,0.00264%,97,0.003%,66,0.002%,
,694,Pikachu-Partner,0.00264%,97,0.003%,69,0.002%,
,695,Trubbish,0.00258%,95,0.003%,78,0.003%,
,696,Froakie,0.00256%,94,0.003%,75,0.003%,
,697,Floette,0.00250%,92,0.003%,67,0.002%,
,698,Happiny,0.00250%,92,0.003%,67,0.002%,
,699,Mienfoo,0.00250%,92,0.003%,71,0.003%,
,700,Pikachu-Sinnoh,0.00245%,90,0.002%,69,0.002%,
,701,Drifloon,0.00242%,89,0.002%,71,0.003%,
,702,Trumbeak,0.00242%,89,0.002%,63,0.002%,
,703,Brionne,0.00237%,87,0.002%,58,0.002%,
,704,Cutiefly,0.00234%,86,0.002%,79,0.003%,
,705,Staravia,0.00234%,86,0.002%,67,0.002%,
,706,Pupitar,0.00234%,86,0.002%,67,0.002%,
,707,Wynaut,0.00231%,85,0.002%,51,0.002%,
,708,Exeggcute,0.00226%,83,0.002%,65,0.002%,
,709,Slowpoke,0.00220%,81,0.002%,63,0.002%,
,710,Machop,0.00218%,80,0.002%,51,0.002%,
,711,Poochyena,0.00215%,79,0.002%,58,0.002%,
,712,Pancham,0.00215%,79,0.002%,57,0.002%,
,713,Kirlia,0.00210%,77,0.002%,51,0.002%,
,714,Snubbull,0.00207%,76,0.002%,61,0.002%,
,715,Goldeen,0.00207%,76,0.002%,47,0.002%,
,716,Silvally-Rock,0.00207%,76,0.002%,48,0.002%,
,717,Lillipup,0.00204%,75,0.002%,51,0.002%,
,718,Dratini,0.00201%,74,0.002%,60,0.002%,
,719,Bonsly,0.00201%,74,0.002%,60,0.002%,
,720,Popplio,0.00201%,74,0.002%,59,0.002%,
,721,Rockruff,0.00199%,73,0.002%,63,0.002%,
,722,Drilbur,0.00199%,73,0.002%,57,0.002%,
,723,Elekid,0.00196%,72,0.002%,53,0.002%,
,724,Cascoon,0.00193%,71,0.002%,32,0.001%,
,725,Oricorio-Pa'u,0.00193%,71,0.002%,43,0.002%,
,726,Rhyhorn,0.00193%,71,0.002%,61,0.002%,
,727,Kabuto,0.00190%,70,0.002%,57,0.002%,
,728,Bagon,0.00190%,70,0.002%,56,0.002%,
,729,MimeJr.,0.00188%,69,0.002%,51,0.002%,
,730,Gothorita,0.00185%,68,0.002%,54,0.002%,
,731,Venipede,0.00185%,68,0.002%,58,0.002%,
,732,Spheal,0.00185%,68,0.002%,45,0.002%,
,733,Lombre,0.00185%,68,0.002%,52,0.002%,
,734,Igglybuff,0.00185%,68,0.002%,39,0.001%,
,735,Diglett,0.00185%,68,0.002%,56,0.002%,
,736,Pikachu-Hoenn,0.00185%,68,0.002%,57,0.002%,
,737,Krokorok,0.00185%,68,0.002%,53,0.002%,
,738,Tepig,0.00182%,67,0.002%,57,0.002%,
,739,Seel,0.00180%,66,0.002%,52,0.002%,
,740,Mareep,0.00177%,65,0.002%,52,0.002%,
,741,Pumpkaboo-Super,0.00174%,64,0.002%,44,0.002%,
,742,Shellder,0.00174%,64,0.002%,54,0.002%,
,743,Teddiursa,0.00174%,64,0.002%,42,0.001%,
,744,Combee,0.00174%,64,0.002%,53,0.002%,
,745,Dewpider,0.00171%,63,0.002%,58,0.002%,
,746,Chikorita,0.00171%,63,0.002%,47,0.002%,
,747,Dwebble,0.00169%,62,0.002%,51,0.002%,
,748,Ponyta,0.00166%,61,0.002%,48,0.002%,
,749,Crabrawler,0.00166%,61,0.002%,46,0.002%,
,750,Nidorina,0.00166%,61,0.002%,55,0.002%,
,751,Stunky,0.00163%,60,0.002%,36,0.001%,
,752,Morelull,0.00163%,60,0.002%,38,0.001%,
,753,Tranquill,0.00163%,60,0.002%,48,0.002%,
,754,Sandshrew,0.00161%,59,0.002%,53,0.002%,
,755,Sandshrew-Alola,0.00161%,59,0.002%,44,0.002%,
,756,Ekans,0.00161%,59,0.002%,46,0.002%,
,757,Wurmple,0.00161%,59,0.002%,39,0.001%,
,758,Cacnea,0.00158%,58,0.002%,43,0.002%,
,759,Shellos,0.00155%,57,0.002%,36,0.001%,
,760,Shieldon,0.00152%,56,0.002%,43,0.002%,
,761,Fennekin,0.00152%,56,0.002%,42,0.001%,
,762,Ledyba,0.00152%,56,0.002%,44,0.002%,
,763,Foongus,0.00150%,55,0.001%,39,0.001%,
,764,Azurill,0.00147%,54,0.001%,41,0.001%,
,765,Axew,0.00147%,54,0.001%,40,0.001%,
,766,Turtwig,0.00147%,54,0.001%,42,0.001%,
,767,Krabby,0.00147%,54,0.001%,36,0.001%,
,768,Wingull,0.00144%,53,0.001%,46,0.002%,
,769,Frillish,0.00144%,53,0.001%,40,0.001%,
,770,Snover,0.00144%,53,0.001%,37,0.001%,
,771,Hoppip,0.00144%,53,0.001%,36,0.001%,
,772,Chinchou,0.00141%,52,0.001%,41,0.001%,
,773,Surskit,0.00141%,52,0.001%,42,0.001%,
,774,Larvitar,0.00139%,51,0.001%,36,0.001%,
,775,Spewpa,0.00139%,51,0.001%,31,0.001%,
,776,Yungoos,0.00139%,51,0.001%,40,0.001%,
,777,Pansage,0.00136%,50,0.001%,48,0.002%,
,778,Oddish,0.00136%,50,0.001%,42,0.001%,
,779,Roggenrola,0.00133%,49,0.001%,46,0.002%,
,780,Cubchoo,0.00133%,49,0.001%,36,0.001%,
,781,Tyrogue,0.00133%,49,0.001%,43,0.002%,
,782,Sewaddle,0.00131%,48,0.001%,38,0.001%,
,783,Chingling,0.00131%,48,0.001%,34,0.001%,
,784,Flabebe,0.00128%,47,0.001%,30,0.001%,
,785,Pidove,0.00125%,46,0.001%,28,0.001%,
,786,Poliwag,0.00125%,46,0.001%,35,0.001%,
,787,Phantump,0.00122%,45,0.001%,31,0.001%,
,788,Minccino,0.00122%,45,0.001%,35,0.001%,
,789,Geodude-Alola,0.00120%,44,0.001%,32,0.001%,
,790,Noibat,0.00120%,44,0.001%,31,0.001%,
,791,Shuppet,0.00117%,43,0.001%,35,0.001%,
,792,Baltoy,0.00117%,43,0.001%,35,0.001%,
,793,Spearow,0.00117%,43,0.001%,36,0.001%,
,794,Joltik,0.00117%,43,0.001%,38,0.001%,
,795,Vibrava,0.00114%,42,0.001%,30,0.001%,
,796,Luxio,0.00114%,42,0.001%,36,0.001%,
,797,Shelmet,0.00114%,42,0.001%,30,0.001%,
,798,Remoraid,0.00112%,41,0.001%,32,0.001%,
,799,Weepinbell,0.00112%,41,0.001%,36,0.001%,
,800,Venonat,0.00112%,41,0.001%,32,0.001%,
,801,Loudred,0.00112%,41,0.001%,26,0.001%,
,802,Woobat,0.00109%,40,0.001%,30,0.001%,
,803,Sandile,0.00109%,40,0.001%,21,0.001%,
,804,Sentret,0.00109%,40,0.001%,25,0.001%,
,805,Larvesta,0.00106%,39,0.001%,31,0.001%,
,806,Eelektrik,0.00106%,39,0.001%,27,0.001%,
,807,Pikipek,0.00106%,39,0.001%,29,0.001%,
,808,Litleo,0.00106%,39,0.001%,34,0.001%,
,809,Scatterbug,0.00106%,39,0.001%,32,0.001%,
,810,Slakoth,0.00103%,38,0.001%,23,0.001%,
,811,Vanillish,0.00103%,38,0.001%,28,0.001%,
,812,Sandygast,0.00103%,38,0.001%,32,0.001%,
,813,Grimer-Alola,0.00103%,38,0.001%,25,0.001%,
,814,Cosmog,0.00101%,37,0.001%,23,0.001%,
,815,Fletchling,0.00101%,37,0.001%,29,0.001%,
,816,Skiddo,0.00098%,36,0.001%,23,0.001%,
,817,Bergmite,0.00098%,36,0.001%,30,0.001%,
,818,Grubbin,0.00098%,36,0.001%,27,0.001%,
,819,Nincada,0.00098%,36,0.001%,28,0.001%,
,820,Inkay,0.00098%,36,0.001%,31,0.001%,
,821,Deerling,0.00098%,36,0.001%,31,0.001%,
,822,Vanillite,0.00098%,36,0.001%,28,0.001%,
,823,Shinx,0.00098%,36,0.001%,32,0.001%,
,824,Binacle,0.00095%,35,0.001%,26,0.001%,
,825,Jangmo-o,0.00095%,35,0.001%,25,0.001%,
,826,Finneon,0.00095%,35,0.001%,20,0.001%,
,827,Amaura,0.00095%,35,0.001%,29,0.001%,
,828,NidoranM,0.00093%,34,0.001%,27,0.001%,
,829,Elgyem,0.00093%,34,0.001%,32,0.001%,
,830,Magby,0.00093%,34,0.001%,23,0.001%,
,831,Panpour,0.00093%,34,0.001%,25,0.001%,
,832,Honedge,0.00093%,34,0.001%,31,0.001%,
,833,Skrelp,0.00090%,33,0.001%,30,0.001%,
,834,Bounsweet,0.00087%,32,0.001%,30,0.001%,
,835,Grimer,0.00087%,32,0.001%,23,0.001%,
,836,Goomy,0.00087%,32,0.001%,25,0.001%,
,837,Munna,0.00087%,32,0.001%,17,0.001%,
,838,Mankey,0.00084%,31,0.001%,19,0.001%,
,839,Tympole,0.00082%,30,0.001%,16,0.001%,
,840,Pikachu-Unova,0.00082%,30,0.001%,25,0.001%,
,841,Swablu,0.00079%,29,0.001%,21,0.001%,
,842,Darumaka,0.00079%,29,0.001%,24,0.001%,
,843,Espurr,0.00076%,28,0.001%,25,0.001%,
,844,Horsea,0.00076%,28,0.001%,26,0.001%,
,845,Budew,0.00076%,28,0.001%,23,0.001%,
,846,Gothita,0.00076%,28,0.001%,23,0.001%,
,847,Cranidos,0.00076%,28,0.001%,23,0.001%,
,848,Cherubi,0.00073%,27,0.001%,9,0.000%,
,849,Kricketot,0.00073%,27,0.001%,18,0.001%,
,850,Steenee,0.00073%,27,0.001%,19,0.001%,
,851,Herdier,0.00073%,27,0.001%,19,0.001%,
,852,NidoranF,0.00071%,26,0.001%,22,0.001%,
,853,Nuzleaf,0.00071%,26,0.001%,20,0.001%,
,854,Pansear,0.00068%,25,0.001%,21,0.001%,
,855,Gumshoos-Totem,0.00068%,25,0.001%,7,0.000%,
,856,Paras,0.00068%,25,0.001%,19,0.001%,
,857,Nidorino,0.00068%,25,0.001%,22,0.001%,
,858,Karrablast,0.00065%,24,0.001%,17,0.001%,
,859,Helioptile,0.00065%,24,0.001%,8,0.000%,
,860,Ducklett,0.00063%,23,0.001%,18,0.001%,
,861,Smoochum,0.00063%,23,0.001%,18,0.001%,
,862,Skiploom,0.00060%,22,0.001%,17,0.001%,
,863,Gulpin,0.00060%,22,0.001%,17,0.001%,
,864,Stufful,0.00060%,22,0.001%,18,0.001%,
,865,Barboach,0.00057%,21,0.001%,16,0.001%,
,866,Beldum,0.00057%,21,0.001%,15,0.001%,
,867,Golett,0.00057%,21,0.001%,16,0.001%,
,868,Houndour,0.00054%,20,0.001%,13,0.000%,
,869,Lotad,0.00054%,20,0.001%,15,0.001%,
,870,Deino,0.00052%,19,0.001%,18,0.001%,
,871,Makuhita,0.00052%,19,0.001%,16,0.001%,
,872,Snorunt,0.00049%,18,0.000%,15,0.001%,
,873,Tirtouga,0.00049%,18,0.000%,13,0.000%,
,874,Slugma,0.00049%,18,0.000%,15,0.001%,
,875,Skorupi,0.00046%,17,0.000%,14,0.000%,
,876,Wimpod,0.00044%,16,0.000%,14,0.000%,
,877,Whismur,0.00044%,16,0.000%,11,0.000%,
,878,Hoothoot,0.00041%,15,0.000%,14,0.000%,
,879,Pumpkaboo-Large,0.00041%,15,0.000%,8,0.000%,
,880,Lurantis-Totem,0.00041%,15,0.000%,9,0.000%,
,881,Blitzle,0.00038%,14,0.000%,10,0.000%,
,882,Seedot,0.00035%,13,0.000%,8,0.000%,
,883,Electrike,0.00035%,13,0.000%,11,0.000%,
,884,Timburr,0.00035%,13,0.000%,11,0.000%,
,885,Petilil,0.00035%,13,0.000%,12,0.000%,
,886,Ribombee-Totem,0.00033%,12,0.000%,11,0.000%,
,887,Fomantis,0.00033%,12,0.000%,8,0.000%,
,888,Rufflet,0.00030%,11,0.000%,8,0.000%,
,889,Raticate-Alola-Totem,0.00027%,10,0.000%,7,0.000%,
,890,Silcoon,0.00027%,10,0.000%,10,0.000%,
,891,Clauncher,0.00027%,10,0.000%,8,0.000%,
,892,Togedemaru-Totem,0.00024%,9,0.000%,7,0.000%,
,893,Tynamo,0.00022%,8,0.000%,6,0.000%,
,894,Patrat,0.00022%,8,0.000%,4,0.000%,
,895,Burmy,0.00022%,8,0.000%,7,0.000%,
,896,Klink,0.00019%,7,0.000%,6,0.000%,
,897,Diglett-Alola,0.00016%,6,0.000%,5,0.000%,
,898,Pumpkaboo,0.00011%,4,0.000%,3,0.000%,
,899,Pumpkaboo-Small,0.00008%,3,0.000%,3,0.000%,