cycle,branch,expression,forecastdate,chamber_Dparty,chamber_Rparty,mean_seats_Dparty,mean_seats_Rparty,median_seats_Dparty,median_seats_Rparty,p90_seats_Dparty,p90_seats_Rparty,p10_seats_Dparty,p10_seats_Rparty,total_national_turnout,p90_total_national_turnout,p10_total_national_turnout,popvote_margin,p90_popvote_margin,p10_popvote_margin,simulations,timestamp,
2022,Senate,_lite,11/8/2022,0.49525,0.50475,49.5978,50.4022,49,51,54,54,46,46,78300000.00,85400000.00,71300000.00,0.5687943,5.296263,-4.210463,40000,2022-11-08,
2022,Senate,_lite,11/7/2022,0.4908,0.5092,49.5853,50.4147,49,51,54,54,46,46,78300000.00,85400000.00,71400000.00,0.5657692,5.34272,-4.272907,40000,2022-11-07,
2022,Senate,_lite,11/6/2022,0.527125,0.472875,49.87285,50.12712,50,50,54,54,46,46,78000000.00,85200000.00,71100000.00,1.09124,5.95376,-3.747282,40000,2022-11-06,
2022,Senate,_lite,11/5/2022,0.525225,0.474775,49.85062,50.14935,50,50,54,54,46,46,78000000.00,85200000.00,71000000.00,1.0089,5.842791,-3.952581,40000,2022-11-05,
2022,Senate,_lite,11/4/2022,0.525075,0.474925,49.88363,50.11637,50,50,54,54,46,46,78000000.00,85100000.00,71100000.00,1.03825,5.901178,-3.928844,40000,2022-11-04,
2022,Senate,_lite,11/3/2022,0.53855,0.46145,49.9752,50.0248,50,50,54,54,46,46,78000000.00,85100000.00,71000000.00,1.109406,5.991472,-3.811707,40000,2022-11-03,
2022,Senate,_lite,11/2/2022,0.5578,0.4422,50.11025,49.88975,50,50,54,54,46,46,78000000.00,85000000.00,71000000.00,1.274918,6.18434,-3.761347,40000,2022-11-02,
2022,Senate,_lite,11/1/2022,0.585375,0.414625,50.30478,49.6952,50,50,55,54,46,45,77500000.00,84600000.00,70500000.00,1.402905,6.371185,-3.536064,40000,2022-11-01,
2022,Senate,_lite,10/31/2022,0.60525,0.39475,50.4454,49.5546,50,50,55,54,46,45,77200000.00,84400000.00,70200000.00,1.521809,6.449471,-3.495287,40000,2022-10-31,
2022,Senate,_lite,10/30/2022,0.623275,0.376725,50.62822,49.37178,51,49,55,54,46,45,77200000.00,84200000.00,70200000.00,1.811184,6.802029,-3.214954,40000,2022-10-30,
2022,Senate,_lite,10/29/2022,0.63415,0.36585,50.7034,49.2966,51,49,55,53,47,45,77200000.00,84300000.00,70300000.00,1.882786,6.91404,-3.134058,40000,2022-10-29,
2022,Senate,_lite,10/28/2022,0.632325,0.367675,50.69025,49.30975,51,49,55,53,47,45,77200000.00,84200000.00,70300000.00,1.851574,6.907816,-3.179068,40000,2022-10-28,
2022,Senate,_lite,10/27/2022,0.6393,0.3607,50.72023,49.27977,51,49,55,53,47,45,77200000.00,84400000.00,70200000.00,1.94714,6.984871,-3.122824,40000,2022-10-27,
2022,Senate,_lite,10/26/2022,0.6586,0.3414,50.82455,49.17545,51,49,55,53,47,45,77200000.00,84300000.00,70300000.00,2.077248,7.101227,-3.028316,40000,2022-10-26,
2022,Senate,_lite,10/25/2022,0.664275,0.335725,50.88435,49.11565,51,49,55,53,47,45,79500000.00,86600000.00,72500000.00,2.289974,7.37446,-2.785845,40000,2022-10-25,
2022,Senate,_lite,10/24/2022,0.6691,0.3309,50.94957,49.05043,51,49,55,53,47,45,79500000.00,86700000.00,72400000.00,2.364887,7.425074,-2.69692,40000,2022-10-24,
2022,Senate,_lite,10/23/2022,0.6798,0.3202,50.99107,49.00893,51,49,55,53,47,45,79500000.00,86600000.00,72500000.00,2.384125,7.42132,-2.690952,40000,2022-10-23,
2022,Senate,_lite,10/22/2022,0.673725,0.326275,50.96985,49.03015,51,49,55,53,47,45,79500000.00,86700000.00,72400000.00,2.383789,7.455709,-2.754189,40000,2022-10-22,
2022,Senate,_lite,10/21/2022,0.697525,0.302475,51.13382,48.86618,51,49,55,53,47,45,79500000.00,86600000.00,72400000.00,2.533718,7.703249,-2.617819,40000,2022-10-21,
2022,Senate,_lite,10/20/2022,0.72585,0.27415,51.32888,48.67112,51,49,55,53,47,45,79500000.00,86600000.00,72400000.00,2.83987,7.978373,-2.308069,40000,2022-10-20,
2022,Senate,_lite,10/19/2022,0.736875,0.263125,51.4268,48.5732,51,49,55,53,47,45,79500000.00,86600000.00,72500000.00,2.702782,7.810204,-2.498491,40000,2022-10-19,
2022,Senate,_lite,10/18/2022,0.745175,0.254825,51.55003,48.44997,52,48,56,53,47,44,79600000.00,86700000.00,72500000.00,2.808445,7.971849,-2.375732,40000,2022-10-18,
2022,Senate,_lite,10/17/2022,0.756575,0.243425,51.6311,48.3689,52,48,56,52,48,44,79600000.00,86700000.00,72600000.00,3.089722,8.296888,-2.144903,40000,2022-10-17,
2022,Senate,_lite,10/16/2022,0.7686,0.2314,51.76397,48.23603,52,48,56,52,48,44,79600000.00,86800000.00,72500000.00,3.121132,8.344082,-2.144554,40000,2022-10-16,
2022,Senate,_lite,10/15/2022,0.7658,0.2342,51.7087,48.2913,52,48,56,52,48,44,79600000.00,86700000.00,72600000.00,3.100124,8.252317,-2.197817,40000,2022-10-15,
2022,Senate,_lite,10/14/2022,0.7699,0.2301,51.73658,48.26342,52,48,56,52,48,44,79600000.00,86700000.00,72600000.00,3.139999,8.360584,-2.188162,40000,2022-10-14,
2022,Senate,_lite,10/13/2022,0.7772,0.2228,51.83152,48.16848,52,48,56,52,48,44,79600000.00,86700000.00,72600000.00,3.33889,8.643551,-1.954277,40000,2022-10-13,
2022,Senate,_lite,10/12/2022,0.77055,0.22945,51.69012,48.30988,52,48,56,52,48,44,79600000.00,86700000.00,72600000.00,3.379208,8.614483,-1.984301,40000,2022-10-12,
2022,Senate,_lite,10/11/2022,0.77855,0.22145,51.8062,48.1938,52,48,56,52,48,44,79000000.00,86100000.00,71900000.00,3.425346,8.736238,-1.968744,40000,2022-10-11,
2022,Senate,_lite,10/10/2022,0.77815,0.22185,51.81805,48.1819,52,48,56,52,48,44,79000000.00,86100000.00,71900000.00,3.382072,8.867857,-2.155561,40000,2022-10-10,
2022,Senate,_lite,10/9/2022,0.789875,0.210125,51.96407,48.03593,52,48,56,52,48,44,79000000.00,86100000.00,71900000.00,3.554916,9.006353,-1.96409,40000,2022-10-09,
2022,Senate,_lite,10/8/2022,0.7865,0.2135,51.9616,48.03838,52,48,56,52,48,44,79000000.00,86200000.00,71900000.00,3.514542,9.093555,-2.040316,40000,2022-10-08,
2022,Senate,_lite,10/7/2022,0.784025,0.21595,51.90253,48.09745,52,48,56,52,48,44,79000000.00,86000000.00,71900000.00,3.44582,9.010746,-2.17227,40000,2022-10-07,
2022,Senate,_lite,10/6/2022,0.79125,0.20875,51.98755,48.01245,52,48,56,52,48,44,79000000.00,86000000.00,71900000.00,3.550293,9.191816,-1.9823,40000,2022-10-06,
2022,Senate,_lite,10/5/2022,0.791875,0.208125,52.07737,47.92263,52,48,56,52,48,44,79000000.00,86100000.00,72000000.00,3.680595,9.285599,-1.940504,40000,2022-10-05,
2022,Senate,_lite,10/4/2022,0.761925,0.238075,51.85408,48.14592,52,48,56,52,48,44,77200000.00,84200000.00,70200000.00,3.301617,8.83363,-2.360945,40000,2022-10-04,
2022,Senate,_lite,10/3/2022,0.759275,0.240725,51.86425,48.13575,52,48,56,52,48,44,77200000.00,84200000.00,70100000.00,3.391964,8.994585,-2.351776,40000,2022-10-03,
2022,Senate,_lite,10/2/2022,0.778075,0.221925,52.04775,47.95225,52,48,56,52,48,44,77200000.00,84200000.00,70200000.00,3.528297,9.164888,-2.129173,40000,2022-10-02,
2022,Senate,_lite,10/1/2022,0.772175,0.227825,51.95768,48.04232,52,48,56,52,48,44,77200000.00,84300000.00,70100000.00,3.455807,9.121368,-2.235014,40000,2022-10-01,
2022,Senate,_lite,9/30/2022,0.7725,0.2275,51.92572,48.07425,52,48,56,52,48,44,77200000.00,84200000.00,70200000.00,3.456024,9.081129,-2.288004,40000,2022-09-30,
2022,Senate,_lite,9/29/2022,0.777525,0.222475,52.04128,47.95872,52,48,56,52,48,44,77200000.00,84200000.00,70300000.00,3.534824,9.247179,-2.168093,40000,2022-09-29,
2022,Senate,_lite,9/28/2022,0.786625,0.213375,52.06087,47.93913,52,48,56,52,48,44,77200000.00,84200000.00,70200000.00,3.622055,9.307236,-2.176834,40000,2022-09-28,
2022,Senate,_lite,9/27/2022,0.7802,0.2198,52.00863,47.99137,52,48,56,52,48,44,75400000.00,82500000.00,68200000.00,3.574532,9.274891,-2.154663,40000,2022-09-27,
2022,Senate,_lite,9/26/2022,0.7777,0.2223,52.02227,47.97773,52,48,56,52,48,44,75400000.00,82400000.00,68300000.00,3.569206,9.360439,-2.21517,40000,2022-09-26,
2022,Senate,_lite,9/25/2022,0.788325,0.211675,52.06227,47.93773,52,48,56,52,48,44,75400000.00,82500000.00,68400000.00,3.732533,9.523659,-2.034563,40000,2022-09-25,
2022,Senate,_lite,9/24/2022,0.79675,0.20325,52.1528,47.8472,52,48,56,52,48,44,75400000.00,82500000.00,68400000.00,3.905209,9.662737,-1.851915,40000,2022-09-24,
2022,Senate,_lite,9/23/2022,0.79265,0.20735,52.1273,47.87268,52,48,56,52,48,44,75400000.00,82500000.00,68400000.00,3.921803,9.648014,-1.899654,40000,2022-09-23,
2022,Senate,_lite,9/22/2022,0.79065,0.20935,52.0866,47.9134,52,48,56,52,48,44,75400000.00,82300000.00,68300000.00,3.80711,9.65213,-2.057219,40000,2022-09-22,
2022,Senate,_lite,9/21/2022,0.796525,0.203475,52.12545,47.87455,52,48,56,52,48,44,75400000.00,82400000.00,68500000.00,3.736961,9.578724,-2.083988,40000,2022-09-21,
2022,Senate,_lite,9/20/2022,0.803125,0.196875,52.20355,47.79645,52,48,56,52,48,44,75300000.00,82200000.00,68200000.00,3.8932,9.781301,-1.925081,40000,2022-09-20,
2022,Senate,_lite,9/19/2022,0.81105,0.18895,52.29633,47.70367,53,47,56,52,48,44,75300000.00,82300000.00,68200000.00,3.884842,9.762104,-2.025494,40000,2022-09-19,
2022,Senate,_lite,9/18/2022,0.810475,0.189525,52.31977,47.68023,53,47,56,52,48,44,75300000.00,82300000.00,68200000.00,4.192314,9.998699,-1.751028,40000,2022-09-18,
2022,Senate,_lite,9/17/2022,0.81635,0.18365,52.34217,47.65783,53,47,56,52,48,44,75300000.00,82200000.00,68200000.00,4.120903,9.988745,-1.809814,40000,2022-09-17,
2022,Senate,_lite,9/16/2022,0.814825,0.185175,52.3329,47.6671,53,47,56,52,48,44,75300000.00,82200000.00,68300000.00,4.115601,10.11557,-1.834934,40000,2022-09-16,
2022,Senate,_lite,9/15/2022,0.8088,0.1912,52.2588,47.7412,52,48,56,52,48,44,75300000.00,82300000.00,68300000.00,4.148766,10.08038,-1.744421,40000,2022-09-15,
2022,Senate,_lite,9/14/2022,0.82015,0.17985,52.4253,47.5747,53,47,56,52,48,44,75300000.00,82200000.00,68200000.00,4.209843,10.22812,-1.686878,40000,2022-09-14,
2022,Senate,_lite,9/13/2022,0.815475,0.184525,52.3097,47.6903,53,47,56,52,48,44,75300000.00,82400000.00,68300000.00,4.231152,10.14333,-1.792181,40000,2022-09-13,
2022,Senate,_lite,9/12/2022,0.80075,0.19925,52.28928,47.71072,53,47,56,52,48,44,75300000.00,82300000.00,68200000.00,3.672657,9.638742,-2.382341,40000,2022-09-12,
2022,Senate,_lite,9/11/2022,0.803225,0.196775,52.30347,47.69653,53,47,56,52,48,44,75300000.00,82400000.00,68300000.00,3.679802,9.643478,-2.288361,40000,2022-09-11,
2022,Senate,_lite,9/10/2022,0.80315,0.19685,52.29498,47.70502,53,47,56,52,48,44,75300000.00,82300000.00,68300000.00,3.67165,9.663456,-2.363039,40000,2022-09-10,
2022,Senate,_lite,9/9/2022,0.802525,0.197475,52.2832,47.7168,52,48,56,52,48,44,75300000.00,82300000.00,68300000.00,3.662617,9.668556,-2.341957,40000,2022-09-09,
2022,Senate,_lite,9/8/2022,0.818775,0.181225,52.46012,47.53988,53,47,56,52,48,44,75300000.00,82300000.00,68300000.00,3.730137,9.780012,-2.342077,40000,2022-09-08,
2022,Senate,_lite,9/7/2022,0.818725,0.181275,52.3575,47.6425,53,47,56,52,48,44,75300000.00,82300000.00,68200000.00,3.746937,9.76119,-2.209665,40000,2022-09-07,
2022,Senate,_lite,9/6/2022,0.81995,0.18005,52.32523,47.67477,53,47,56,52,48,44,75200000.00,82400000.00,68300000.00,3.730381,9.817778,-2.350225,40000,2022-09-06,
2022,Senate,_lite,9/5/2022,0.81375,0.18625,52.24417,47.75583,52,48,56,52,48,44,75200000.00,82200000.00,68200000.00,3.659519,9.662251,-2.402449,40000,2022-09-05,
2022,Senate,_lite,9/4/2022,0.8105,0.1895,52.23883,47.76117,52,48,56,52,48,44,75200000.00,82200000.00,68200000.00,3.650455,9.721785,-2.435938,40000,2022-09-04,
2022,Senate,_lite,9/3/2022,0.80935,0.19065,52.23695,47.76305,52,48,56,52,48,44,75200000.00,82300000.00,68100000.00,3.641415,9.693645,-2.420063,40000,2022-09-03,
2022,Senate,_lite,9/2/2022,0.80815,0.19185,52.23188,47.76812,52,48,56,52,48,44,75200000.00,82200000.00,68200000.00,3.632961,9.744553,-2.511457,40000,2022-09-02,
2022,Senate,_lite,9/1/2022,0.816675,0.183325,52.2782,47.7218,52,48,56,52,48,44,75200000.00,82300000.00,68200000.00,3.818428,10.0203,-2.280624,40000,2022-09-01,
2022,Senate,_lite,8/31/2022,0.8207,0.1793,52.33775,47.66225,53,47,56,52,48,44,75200000.00,82300000.00,68000000.00,3.96833,10.01978,-2.129215,40000,2022-08-31,
2022,Senate,_lite,8/30/2022,0.8162,0.1838,52.19893,47.80107,52,48,56,52,48,44,75200000.00,82200000.00,68100000.00,3.608364,9.662073,-2.554626,40000,2022-08-30,
2022,Senate,_lite,8/29/2022,0.813875,0.186125,52.22685,47.77315,52,48,56,52,48,44,75200000.00,82200000.00,68200000.00,3.424,9.661539,-2.785324,40000,2022-08-29,
2022,Senate,_lite,8/28/2022,0.80695,0.19305,52.14468,47.85532,52,48,56,52,48,44,75200000.00,82200000.00,68200000.00,3.328014,9.521877,-2.8659,40000,2022-08-28,
2022,Senate,_lite,8/27/2022,0.803275,0.196725,52.1161,47.8839,52,48,56,52,48,44,75200000.00,82300000.00,68100000.00,3.379238,9.525606,-2.870636,40000,2022-08-27,
2022,Senate,_lite,8/26/2022,0.8023,0.1977,52.10518,47.89482,52,48,56,52,48,44,75200000.00,82200000.00,68100000.00,3.370564,9.513578,-2.892664,40000,2022-08-26,
2022,Senate,_lite,8/25/2022,0.800525,0.199475,52.1111,47.88887,52,48,56,52,48,44,75200000.00,82200000.00,68200000.00,3.332317,9.432749,-2.932022,40000,2022-08-25,
2022,Senate,_lite,8/24/2022,0.7999,0.2001,52.13535,47.86462,52,48,56,52,48,44,75200000.00,82200000.00,68100000.00,3.275536,9.565861,-3.017794,40000,2022-08-24,
2022,Senate,_lite,8/23/2022,0.80235,0.19765,52.15315,47.84685,52,48,56,52,48,44,75000000.00,82100000.00,68000000.00,3.220615,9.520401,-2.950415,40000,2022-08-23,
2022,Senate,_lite,8/22/2022,0.799175,0.2008,52.09935,47.90062,52,48,56,52,48,44,75000000.00,82100000.00,68100000.00,3.291115,9.463884,-2.999018,40000,2022-08-22,
2022,Senate,_lite,8/21/2022,0.8046,0.1954,52.14388,47.85612,52,48,56,52,48,44,75000000.00,82000000.00,68100000.00,3.346291,9.596628,-2.958956,40000,2022-08-21,
2022,Senate,_lite,8/20/2022,0.8026,0.1974,52.13195,47.86805,52,48,56,52,48,44,75000000.00,82000000.00,68000000.00,3.387329,9.65893,-2.8556,40000,2022-08-20,
2022,Senate,_lite,8/19/2022,0.7994,0.2006,52.12408,47.87592,52,48,56,52,48,44,75000000.00,82200000.00,68000000.00,3.375141,9.662861,-2.926006,40000,2022-08-19,
2022,Senate,_lite,8/18/2022,0.80555,0.19445,52.16343,47.83657,52,48,56,52,48,44,75000000.00,82100000.00,68000000.00,3.450893,9.721045,-2.907759,40000,2022-08-18,
2022,Senate,_lite,8/17/2022,0.792675,0.207325,52.01795,47.98205,52,48,56,52,48,44,75000000.00,82100000.00,68000000.00,3.355446,9.629318,-2.933023,40000,2022-08-17,
2022,Senate,_lite,8/16/2022,0.80135,0.19865,52.0614,47.9386,52,48,56,52,48,44,74500000.00,81600000.00,67500000.00,3.247486,9.516945,-3.096968,40000,2022-08-16,
2022,Senate,_lite,8/15/2022,0.7948,0.2052,51.89748,48.10252,52,48,56,52,48,44,74500000.00,81600000.00,67500000.00,2.827175,9.19594,-3.509474,40000,2022-08-15,
2022,Senate,_lite,8/14/2022,0.797775,0.202225,51.93018,48.06982,52,48,56,52,48,44,74500000.00,81600000.00,67600000.00,2.867088,9.25141,-3.50033,40000,2022-08-14,
2022,Senate,_lite,8/13/2022,0.79595,0.20405,51.90612,48.09385,52,48,56,52,48,44,74500000.00,81600000.00,67500000.00,2.855366,9.102692,-3.514259,40000,2022-08-13,
2022,Senate,_lite,8/12/2022,0.79395,0.20605,51.88937,48.11063,52,48,56,52,48,44,74500000.00,81500000.00,67600000.00,2.843391,9.256319,-3.527267,40000,2022-08-12,
2022,Senate,_lite,8/11/2022,0.7864,0.2136,51.84655,48.15345,52,48,56,52,48,44,74500000.00,81600000.00,67500000.00,2.76453,9.139063,-3.693401,40000,2022-08-11,
2022,Senate,_lite,8/10/2022,0.776425,0.223575,51.7617,48.2383,52,48,56,52,48,44,74500000.00,81600000.00,67500000.00,2.567577,8.952345,-3.993885,40000,2022-08-10,
2022,Senate,_lite,8/9/2022,0.7767,0.2233,51.72525,48.27475,52,48,55,52,48,45,74300000.00,81400000.00,67200000.00,2.638546,9.042978,-3.776861,40000,2022-08-09,
2022,Senate,_lite,8/8/2022,0.76775,0.23225,51.72683,48.27317,52,48,56,52,48,44,74300000.00,81300000.00,67200000.00,2.395279,8.739462,-4.0487,40000,2022-08-08,
2022,Senate,_lite,8/7/2022,0.7608,0.2392,51.61808,48.38192,52,48,55,52,48,45,74300000.00,81400000.00,67200000.00,2.227497,8.615267,-4.252705,40000,2022-08-07,
2022,Senate,_lite,8/6/2022,0.767725,0.232275,51.66093,48.33907,52,48,55,52,48,45,74300000.00,81400000.00,67300000.00,2.253864,8.650558,-4.190189,40000,2022-08-06,
2022,Senate,_lite,8/5/2022,0.766125,0.233875,51.66742,48.33255,52,48,55,52,48,45,74300000.00,81300000.00,67200000.00,2.241314,8.690546,-4.24017,40000,2022-08-05,
2022,Senate,_lite,8/4/2022,0.760925,0.239075,51.61383,48.38617,52,48,55,52,48,45,74300000.00,81200000.00,67200000.00,2.113121,8.552746,-4.338739,40000,2022-08-04,
2022,Senate,_lite,8/3/2022,0.750275,0.249725,51.53307,48.4669,52,48,55,53,47,45,74300000.00,81300000.00,67200000.00,2.013371,8.52767,-4.414385,40000,2022-08-03,
2022,Senate,_lite,8/2/2022,0.74205,0.25795,51.48335,48.51665,52,48,55,53,47,45,74500000.00,81400000.00,67500000.00,1.834671,8.324104,-4.642408,40000,2022-08-02,
2022,Senate,_lite,8/1/2022,0.721475,0.278525,51.38205,48.61795,52,48,56,53,47,44,74500000.00,81400000.00,67400000.00,1.595585,8.239513,-4.969065,40000,2022-08-01,
2022,Senate,_lite,7/31/2022,0.722,0.278,51.372,48.628,52,48,56,53,47,44,74500000.00,81500000.00,67400000.00,1.542572,8.116751,-4.962767,40000,2022-07-31,
2022,Senate,_lite,7/30/2022,0.7187,0.2813,51.3456,48.6544,52,48,56,53,47,44,74500000.00,81600000.00,67500000.00,1.581528,8.099552,-5.031448,40000,2022-07-30,
2022,Senate,_lite,7/29/2022,0.72385,0.27615,51.38567,48.61433,52,48,56,53,47,44,74500000.00,81500000.00,67400000.00,1.569675,8.135328,-5.004381,40000,2022-07-29,
2022,Senate,_lite,7/28/2022,0.70165,0.29835,51.23442,48.76558,51,49,55,53,47,45,74500000.00,81600000.00,67500000.00,1.438087,8.047024,-5.12257,40000,2022-07-28,
2022,Senate,_lite,7/27/2022,0.673275,0.326725,50.95803,49.04197,51,49,55,54,46,45,74500000.00,81500000.00,67500000.00,1.035732,7.633698,-5.551971,40000,2022-07-27,
2022,Senate,_lite,7/26/2022,0.6518,0.3482,50.79742,49.20258,51,49,55,54,46,45,75200000.00,82300000.00,68300000.00,0.9223671,7.433674,-5.788021,40000,2022-07-26,
2022,Senate,_lite,7/25/2022,0.634275,0.365725,50.65102,49.34898,51,49,55,54,46,45,75200000.00,82400000.00,68200000.00,0.6477318,7.178669,-5.980827,40000,2022-07-25,
2022,Senate,_lite,7/24/2022,0.6353,0.3647,50.66402,49.33598,51,49,55,54,46,45,75200000.00,82300000.00,68100000.00,0.7295189,7.313702,-5.890976,40000,2022-07-24,
2022,Senate,_lite,7/23/2022,0.642675,0.357325,50.7289,49.2711,51,49,55,54,46,45,75200000.00,82300000.00,68300000.00,1.245983,7.95874,-5.37068,40000,2022-07-23,
2022,Senate,_lite,7/22/2022,0.6416,0.358375,50.72535,49.27462,51,49,55,54,46,45,75200000.00,82300000.00,68200000.00,1.233784,7.863146,-5.428329,40000,2022-07-22,
2022,Senate,_lite,7/21/2022,0.646875,0.353125,50.77395,49.22605,51,49,55,54,46,45,75200000.00,82400000.00,68200000.00,1.390667,8.087069,-5.225012,40000,2022-07-21,
2022,Senate,_lite,7/20/2022,0.634975,0.365025,50.61362,49.38635,51,49,55,54,46,45,75200000.00,82300000.00,68200000.00,1.098766,7.739651,-5.680319,40000,2022-07-20,
2022,Senate,_lite,7/19/2022,0.6398,0.3602,50.73912,49.26088,51,49,55,54,46,45,75600000.00,82600000.00,68500000.00,0.9793205,7.611353,-5.743122,40000,2022-07-19,
2022,Senate,_lite,7/18/2022,0.632075,0.367925,50.68037,49.31963,51,49,55,54,46,45,75600000.00,82600000.00,68500000.00,0.8000526,7.456263,-5.890837,40000,2022-07-18,
2022,Senate,_lite,7/17/2022,0.630375,0.369625,50.68343,49.31657,51,49,55,54,46,45,75600000.00,82700000.00,68600000.00,0.7927742,7.485157,-5.918386,40000,2022-07-17,
2022,Senate,_lite,7/16/2022,0.637525,0.36245,50.73397,49.266,51,49,55,54,46,45,75600000.00,82600000.00,68600000.00,0.8208809,7.525694,-5.897987,40000,2022-07-16,
2022,Senate,_lite,7/15/2022,0.6431,0.3569,50.79565,49.20435,51,49,55,54,46,45,75600000.00,82700000.00,68500000.00,0.8126717,7.579102,-5.814459,40000,2022-07-15,
2022,Senate,_lite,7/14/2022,0.6352,0.3648,50.7249,49.2751,51,49,55,54,46,45,75600000.00,82500000.00,68600000.00,0.7921982,7.493723,-5.986429,40000,2022-07-14,
2022,Senate,_lite,7/13/2022,0.610825,0.389175,50.50307,49.4969,51,49,55,55,45,45,76300000.00,83400000.00,69300000.00,0.1255989,6.864576,-6.691454,40000,2022-07-13,
2022,Senate,_lite,7/12/2022,0.593975,0.406025,50.34198,49.65802,50,50,55,55,45,45,76600000.00,83700000.00,69600000.00,-0.1308708,6.616783,-6.93494,40000,2022-07-12,
2022,Senate,_lite,7/11/2022,0.6018,0.3982,50.40055,49.59945,51,49,55,55,45,45,76600000.00,83700000.00,69600000.00,0.0211258,6.865829,-6.777714,40000,2022-07-11,
2022,Senate,_lite,7/10/2022,0.609475,0.390525,50.44188,49.55812,51,49,55,55,45,45,76600000.00,83800000.00,69600000.00,0.2129631,6.802025,-6.586405,40000,2022-07-10,
2022,Senate,_lite,7/9/2022,0.6088,0.3912,50.45863,49.54137,51,49,55,55,45,45,76600000.00,83800000.00,69500000.00,0.2046814,6.903364,-6.54965,40000,2022-07-09,
2022,Senate,_lite,7/8/2022,0.610825,0.389175,50.4682,49.5318,51,49,55,55,45,45,76600000.00,83600000.00,69700000.00,0.194767,6.978676,-6.597853,40000,2022-07-08,
2022,Senate,_lite,7/7/2022,0.6097,0.3903,50.47507,49.52493,51,49,55,55,45,45,76600000.00,83600000.00,69600000.00,0.2011795,7.037724,-6.610884,40000,2022-07-07,
2022,Senate,_lite,7/6/2022,0.595125,0.404875,50.32475,49.67525,50,50,55,55,45,45,76600000.00,83700000.00,69600000.00,-0.0624123,6.767607,-6.846531,40000,2022-07-06,
2022,Senate,_lite,7/5/2022,0.5894,0.4106,50.25445,49.74555,50,50,55,55,45,45,76200000.00,83200000.00,69200000.00,-0.1549034,6.641449,-6.956129,40000,2022-07-05,
2022,Senate,_lite,7/4/2022,0.577575,0.422425,50.13668,49.86332,50,50,55,55,45,45,76200000.00,83300000.00,69200000.00,-0.3526764,6.411335,-7.097473,40000,2022-07-04,
2022,Senate,_lite,7/3/2022,0.574875,0.425125,50.12012,49.87988,50,50,55,55,45,45,76200000.00,83200000.00,69100000.00,-0.358593,6.423965,-7.184444,40000,2022-07-03,
2022,Senate,_lite,7/2/2022,0.57795,0.42205,50.1379,49.8621,50,50,55,55,45,45,76200000.00,83300000.00,69200000.00,-0.3655739,6.438202,-7.129383,40000,2022-07-02,
2022,Senate,_lite,7/1/2022,0.576575,0.423425,50.1291,49.8709,50,50,55,55,45,45,76200000.00,83300000.00,69100000.00,-0.371418,6.471119,-7.166519,40000,2022-07-01,
2022,Senate,_lite,6/30/2022,0.571875,0.428125,50.09678,49.90322,50,50,55,55,45,45,76200000.00,83200000.00,69300000.00,-0.4509048,6.391006,-7.191931,40000,2022-06-30,
2022,Senate,_lite,6/29/2022,0.6128,0.3872,50.39485,49.60515,51,49,55,54,46,45,76200000.00,83300000.00,69200000.00,-0.0943642,6.716415,-6.976042,40000,2022-06-29,
2022,Senate,_lite,6/26/2022,0.5765,0.4235,50.11153,49.88847,50,50,55,54,46,45,75800000.00,82900000.00,68800000.00,-0.0482864,6.766439,-6.82349,40000,2022-06-29,
2022,Senate,_lite,6/25/2022,0.57515,0.42485,50.08985,49.91015,50,50,55,55,45,45,75800000.00,82900000.00,68900000.00,-0.0489426,6.788134,-7.004936,40000,2022-06-29,
2022,Senate,_lite,6/24/2022,0.579,0.421,50.11635,49.88365,50,50,55,54,46,45,75800000.00,82900000.00,68800000.00,-0.0498199,6.879044,-6.969931,40000,2022-06-29,
2022,Senate,_lite,6/22/2022,0.5544,0.4456,49.95918,50.04082,50,50,55,55,45,45,75800000.00,82900000.00,68800000.00,-0.3723564,6.536509,-7.310183,40000,2022-06-29,
2022,Senate,_lite,6/21/2022,0.526125,0.473875,49.66555,50.33445,50,50,54,55,45,46,75800000.00,82900000.00,68800000.00,-0.8957901,6.089867,-7.762733,40000,2022-06-29,
2022,Senate,_lite,6/19/2022,0.51495,0.48505,49.57685,50.42315,50,50,54,55,45,46,75600000.00,82700000.00,68700000.00,-1.045761,5.891922,-8.02216,40000,2022-06-29,
2022,Senate,_lite,6/18/2022,0.5192,0.4808,49.60143,50.39857,50,50,54,55,45,46,75600000.00,82600000.00,68600000.00,-1.04401,5.934839,-7.950581,40000,2022-06-29,
2022,Senate,_lite,6/17/2022,0.51405,0.48595,49.57905,50.42095,50,50,54,55,45,46,75600000.00,82700000.00,68600000.00,-1.041767,5.90523,-7.949036,40000,2022-06-29,
2022,Senate,_lite,6/15/2022,0.5233,0.4767,49.67645,50.32355,50,50,54,55,45,46,75600000.00,82600000.00,68600000.00,-0.9587631,6.097214,-7.947115,40000,2022-06-29,
2022,Senate,_lite,6/14/2022,0.494925,0.505075,49.41718,50.58282,49,51,54,55,45,46,75600000.00,82700000.00,68700000.00,-1.293297,5.658386,-8.363998,40000,2022-06-29,
2022,Senate,_lite,6/13/2022,0.476625,0.523375,49.33015,50.66985,49,51,54,55,45,46,75200000.00,82100000.00,68200000.00,-1.489758,5.476433,-8.519844,40000,2022-06-29,
2022,Senate,_lite,6/11/2022,0.468025,0.531975,49.20892,50.79108,49,51,54,55,45,46,75200000.00,82300000.00,68200000.00,-1.756775,5.278986,-8.793692,40000,2022-06-29,
2022,Senate,_lite,6/10/2022,0.46675,0.53325,49.20005,50.79995,49,51,54,55,45,46,75200000.00,82200000.00,68200000.00,-1.752876,5.289989,-8.80925,40000,2022-06-29,
2022,Senate,_lite,6/9/2022,0.467175,0.532825,49.18975,50.81025,49,51,54,55,45,46,75200000.00,82300000.00,68200000.00,-1.8242,5.111841,-8.879622,40000,2022-06-29,
2022,Senate,_lite,6/7/2022,0.47675,0.52325,49.2948,50.7052,49,51,54,55,45,46,75200000.00,82300000.00,68300000.00,-1.650486,5.426947,-8.768141,40000,2022-06-29,
2022,Senate,_lite,6/6/2022,0.4777,0.5223,49.31787,50.68213,49,51,54,55,45,46,75300000.00,82400000.00,68400000.00,-1.637833,5.389006,-8.6749,40000,2022-06-29,
2022,Senate,_lite,6/5/2022,0.49025,0.50975,49.42012,50.57988,49,51,54,55,45,46,75300000.00,82300000.00,68200000.00,-1.466885,5.589991,-8.481773,40000,2022-06-29,
2022,Senate,_lite,6/3/2022,0.49935,0.50065,49.50397,50.49603,49,51,54,55,45,46,75300000.00,82400000.00,68300000.00,-1.047646,6.139086,-8.127708,40000,2022-06-29,
2022,Senate,_lite,6/2/2022,0.499425,0.500575,49.49795,50.50205,49,51,54,55,45,46,75300000.00,82400000.00,68300000.00,-1.026939,6.060925,-8.167215,40000,2022-06-29,
2022,Senate,_lite,6/1/2022,0.4971,0.5029,49.48765,50.51235,49,51,54,55,45,46,75300000.00,82300000.00,68300000.00,-0.9799767,6.116716,-8.091766,40000,2022-06-29,
2022,Senate,_deluxe,11/8/2022,0.414825,0.585175,49.11835,50.88165,49,51,52,54,46,48,78300000.00,85400000.00,71300000.00,0.0924835,4.389484,-4.278414,40000,2022-11-08,
2022,Senate,_deluxe,11/7/2022,0.414,0.586,49.11675,50.88325,49,51,52,54,46,48,78300000.00,85400000.00,71400000.00,0.0900078,4.462748,-4.326406,40000,2022-11-07,
2022,Senate,_deluxe,11/6/2022,0.4577,0.5423,49.32322,50.67678,49,51,52,54,46,48,78000000.00,85200000.00,71100000.00,0.4343185,4.893263,-4.017996,40000,2022-11-06,
2022,Senate,_deluxe,11/5/2022,0.45035,0.54965,49.26793,50.73207,49,51,52,54,46,48,78000000.00,85200000.00,71000000.00,0.2622604,4.736042,-4.328756,40000,2022-11-05,
2022,Senate,_deluxe,11/4/2022,0.4483,0.5517,49.26505,50.73495,49,51,52,54,46,48,78000000.00,85100000.00,71100000.00,0.2682953,4.810631,-4.348486,40000,2022-11-04,
2022,Senate,_deluxe,11/3/2022,0.453675,0.546325,49.3011,50.6989,49,51,52,54,46,48,78000000.00,85100000.00,71000000.00,0.2647896,4.825949,-4.350193,40000,2022-11-03,
2022,Senate,_deluxe,11/2/2022,0.468225,0.531775,49.3818,50.6182,49,51,53,54,46,47,78000000.00,85000000.00,71000000.00,0.3526726,4.982332,-4.383995,40000,2022-11-02,
2022,Senate,_deluxe,11/1/2022,0.487875,0.512125,49.48655,50.51342,49,51,53,54,46,47,77500000.00,84600000.00,70500000.00,0.4487839,5.14694,-4.237026,40000,2022-11-01,
2022,Senate,_deluxe,10/31/2022,0.498125,0.501875,49.54802,50.45198,49,51,53,54,46,47,77200000.00,84400000.00,70200000.00,0.5414429,5.199078,-4.236742,40000,2022-10-31,
2022,Senate,_deluxe,10/30/2022,0.515125,0.484875,49.63533,50.36467,50,50,53,53,47,47,77200000.00,84200000.00,70200000.00,0.5617027,5.298378,-4.239412,40000,2022-10-30,
2022,Senate,_deluxe,10/29/2022,0.5255,0.4745,49.6973,50.30267,50,50,53,53,47,47,77200000.00,84300000.00,70300000.00,0.6359596,5.442362,-4.169008,40000,2022-10-29,
2022,Senate,_deluxe,10/28/2022,0.5194,0.4806,49.68353,50.31647,50,50,53,53,47,47,77200000.00,84200000.00,70300000.00,0.6124916,5.493305,-4.211651,40000,2022-10-28,
2022,Senate,_deluxe,10/27/2022,0.521225,0.478775,49.69173,50.30827,50,50,53,53,47,47,77200000.00,84400000.00,70200000.00,0.6450081,5.469219,-4.245722,40000,2022-10-27,
2022,Senate,_deluxe,10/26/2022,0.54465,0.45535,49.79277,50.20723,50,50,53,53,47,47,77200000.00,84300000.00,70300000.00,0.7492981,5.593588,-4.171734,40000,2022-10-26,
2022,Senate,_deluxe,10/25/2022,0.54565,0.45435,49.79675,50.20325,50,50,53,53,47,47,79500000.00,86600000.00,72500000.00,0.7761841,5.691685,-4.13549,40000,2022-10-25,
2022,Senate,_deluxe,10/24/2022,0.547825,0.452175,49.83273,50.16727,50,50,53,53,47,47,79500000.00,86700000.00,72400000.00,0.8174057,5.749144,-4.108133,40000,2022-10-24,
2022,Senate,_deluxe,10/23/2022,0.550925,0.449075,49.85305,50.14695,50,50,53,53,47,47,79500000.00,86600000.00,72500000.00,0.8504257,5.763374,-4.119802,40000,2022-10-23,
2022,Senate,_deluxe,10/22/2022,0.5451,0.4549,49.81745,50.18255,50,50,53,53,47,47,79500000.00,86700000.00,72400000.00,0.8244095,5.786572,-4.210052,40000,2022-10-22,
2022,Senate,_deluxe,10/21/2022,0.565125,0.434875,49.92033,50.07967,50,50,53,53,47,47,79500000.00,86600000.00,72400000.00,0.8995018,5.961222,-4.133865,40000,2022-10-21,
2022,Senate,_deluxe,10/20/2022,0.58995,0.41005,50.06942,49.93058,50,50,53,53,47,47,79500000.00,86600000.00,72400000.00,1.179096,6.231892,-3.880848,40000,2022-10-20,
2022,Senate,_deluxe,10/19/2022,0.613675,0.386325,50.18962,49.81035,50,50,53,53,47,47,79500000.00,86600000.00,72500000.00,1.33456,6.38797,-3.772346,40000,2022-10-19,
2022,Senate,_deluxe,10/18/2022,0.626975,0.373025,50.29982,49.70018,50,50,53,53,47,47,79600000.00,86700000.00,72500000.00,1.589104,6.669537,-3.520037,40000,2022-10-18,
2022,Senate,_deluxe,10/17/2022,0.642175,0.357825,50.3882,49.6118,50,50,54,53,47,46,79600000.00,86700000.00,72600000.00,1.917961,7.051771,-3.24371,40000,2022-10-17,
2022,Senate,_deluxe,10/16/2022,0.6558,0.3442,50.4662,49.5338,50,50,54,53,47,46,79600000.00,86800000.00,72500000.00,2.139793,7.283712,-3.069098,40000,2022-10-16,
2022,Senate,_deluxe,10/15/2022,0.6522,0.3478,50.44753,49.55247,50,50,54,53,47,46,79600000.00,86700000.00,72600000.00,2.133381,7.231565,-3.10638,40000,2022-10-15,
2022,Senate,_deluxe,10/14/2022,0.654,0.346,50.46482,49.53518,50,50,54,53,47,46,79600000.00,86700000.00,72600000.00,2.156902,7.316208,-3.078331,40000,2022-10-14,
2022,Senate,_deluxe,10/13/2022,0.66395,0.33605,50.53333,49.46667,51,49,54,53,47,46,79600000.00,86700000.00,72600000.00,2.322449,7.557428,-2.912327,40000,2022-10-13,
2022,Senate,_deluxe,10/12/2022,0.65465,0.34535,50.46682,49.53318,50,50,54,53,47,46,79600000.00,86700000.00,72600000.00,2.317287,7.462446,-2.958464,40000,2022-10-12,
2022,Senate,_deluxe,10/11/2022,0.6625,0.3375,50.5191,49.4809,51,49,54,53,47,46,79000000.00,86100000.00,71900000.00,2.327824,7.574619,-2.970617,40000,2022-10-11,
2022,Senate,_deluxe,10/10/2022,0.666075,0.333925,50.55553,49.44447,51,49,54,53,47,46,79000000.00,86100000.00,71900000.00,2.912304,8.20916,-2.413322,40000,2022-10-10,
2022,Senate,_deluxe,10/9/2022,0.673825,0.326175,50.58323,49.41677,51,49,54,53,47,46,79000000.00,86100000.00,71900000.00,2.952908,8.208532,-2.37678,40000,2022-10-09,
2022,Senate,_deluxe,10/8/2022,0.667425,0.332575,50.57737,49.42263,51,49,54,53,47,46,79000000.00,86200000.00,71900000.00,2.900364,8.291727,-2.454588,40000,2022-10-08,
2022,Senate,_deluxe,10/7/2022,0.6652,0.3348,50.52713,49.47287,51,49,54,53,47,46,79000000.00,86000000.00,71900000.00,2.82481,8.172735,-2.539068,40000,2022-10-07,
2022,Senate,_deluxe,10/6/2022,0.670625,0.329375,50.5822,49.4178,51,49,54,53,47,46,79000000.00,86000000.00,71900000.00,2.910973,8.317886,-2.413332,40000,2022-10-06,
2022,Senate,_deluxe,10/5/2022,0.67145,0.32855,50.59322,49.40678,51,49,54,53,47,46,79000000.00,86100000.00,72000000.00,2.992565,8.364445,-2.438841,40000,2022-10-05,
2022,Senate,_deluxe,10/4/2022,0.6583,0.3417,50.53347,49.46653,51,49,54,53,47,46,77200000.00,84200000.00,70200000.00,2.968441,8.327389,-2.475698,40000,2022-10-04,
2022,Senate,_deluxe,10/3/2022,0.66995,0.33005,50.58935,49.41063,51,49,54,53,47,46,77200000.00,84200000.00,70100000.00,3.030396,8.429449,-2.476038,40000,2022-10-03,
2022,Senate,_deluxe,10/2/2022,0.6848,0.3152,50.6815,49.3185,51,49,54,52,48,46,77200000.00,84200000.00,70200000.00,3.141064,8.571789,-2.296564,40000,2022-10-02,
2022,Senate,_deluxe,10/1/2022,0.682325,0.317675,50.66898,49.33102,51,49,54,53,47,46,77200000.00,84300000.00,70100000.00,3.079742,8.539118,-2.386786,40000,2022-10-01,
2022,Senate,_deluxe,9/30/2022,0.68395,0.31605,50.65448,49.34552,51,49,54,53,47,46,77200000.00,84200000.00,70200000.00,3.076149,8.481825,-2.447388,40000,2022-09-30,
2022,Senate,_deluxe,9/29/2022,0.6846,0.3154,50.6943,49.3057,51,49,54,52,48,46,77200000.00,84200000.00,70300000.00,3.039574,8.583826,-2.441175,40000,2022-09-29,
2022,Senate,_deluxe,9/28/2022,0.694175,0.305825,50.73252,49.26748,51,49,54,52,48,46,77200000.00,84200000.00,70200000.00,3.127831,8.597071,-2.441532,40000,2022-09-28,
2022,Senate,_deluxe,9/27/2022,0.6837,0.3163,50.68602,49.31398,51,49,54,52,48,46,75400000.00,82500000.00,68200000.00,3.006157,8.496281,-2.523129,40000,2022-09-27,
2022,Senate,_deluxe,9/26/2022,0.68185,0.31815,50.6961,49.30387,51,49,54,53,47,46,75400000.00,82400000.00,68300000.00,2.999519,8.559578,-2.60125,40000,2022-09-26,
2022,Senate,_deluxe,9/25/2022,0.695,0.305,50.73528,49.26472,51,49,54,52,48,46,75400000.00,82500000.00,68400000.00,3.031586,8.582613,-2.529167,40000,2022-09-25,
2022,Senate,_deluxe,9/24/2022,0.704775,0.295225,50.80205,49.19795,51,49,54,52,48,46,75400000.00,82500000.00,68400000.00,3.221268,8.753065,-2.296114,40000,2022-09-24,
2022,Senate,_deluxe,9/23/2022,0.7017,0.2983,50.78395,49.21605,51,49,54,52,48,46,75400000.00,82500000.00,68400000.00,3.246994,8.762724,-2.358532,40000,2022-09-23,
2022,Senate,_deluxe,9/22/2022,0.7042,0.2958,50.80275,49.19725,51,49,54,52,48,46,75400000.00,82300000.00,68300000.00,3.219719,8.854319,-2.43409,40000,2022-09-22,
2022,Senate,_deluxe,9/21/2022,0.702375,0.297625,50.77818,49.22182,51,49,54,52,48,46,75400000.00,82400000.00,68500000.00,3.054955,8.674343,-2.586039,40000,2022-09-21,
2022,Senate,_deluxe,9/20/2022,0.707825,0.292175,50.8244,49.1756,51,49,54,52,48,46,75300000.00,82200000.00,68200000.00,3.112358,8.761446,-2.510279,40000,2022-09-20,
2022,Senate,_deluxe,9/19/2022,0.713325,0.286675,50.8519,49.1481,51,49,54,52,48,46,75300000.00,82300000.00,68200000.00,3.1133,8.735687,-2.568827,40000,2022-09-19,
2022,Senate,_deluxe,9/18/2022,0.710075,0.289925,50.82473,49.17527,51,49,54,52,48,46,75300000.00,82300000.00,68200000.00,3.205601,8.809612,-2.529123,40000,2022-09-18,
2022,Senate,_deluxe,9/17/2022,0.714125,0.285875,50.8708,49.1292,51,49,54,52,48,46,75300000.00,82200000.00,68200000.00,3.126759,8.810173,-2.634398,40000,2022-09-17,
2022,Senate,_deluxe,9/16/2022,0.711575,0.288425,50.85495,49.14505,51,49,54,52,48,46,75300000.00,82200000.00,68300000.00,3.115971,8.871838,-2.633284,40000,2022-09-16,
2022,Senate,_deluxe,9/15/2022,0.705725,0.294275,50.81427,49.18573,51,49,54,52,48,46,75300000.00,82300000.00,68300000.00,3.08757,8.800268,-2.59992,40000,2022-09-15,
2022,Senate,_deluxe,9/14/2022,0.7122,0.2878,50.88185,49.11815,51,49,54,52,48,46,75300000.00,82200000.00,68200000.00,3.135963,8.924114,-2.558407,40000,2022-09-14,
2022,Senate,_deluxe,9/13/2022,0.7056,0.2944,50.81905,49.18095,51,49,54,53,47,46,75300000.00,82400000.00,68300000.00,2.933868,8.638227,-2.86051,40000,2022-09-13,
2022,Senate,_deluxe,9/12/2022,0.688675,0.311325,50.71605,49.28395,51,49,54,53,47,46,75300000.00,82300000.00,68200000.00,2.668182,8.396854,-3.148317,40000,2022-09-12,
2022,Senate,_deluxe,9/11/2022,0.68765,0.31235,50.72403,49.27597,51,49,54,53,47,46,75300000.00,82400000.00,68300000.00,2.635426,8.388411,-3.114534,40000,2022-09-11,
2022,Senate,_deluxe,9/10/2022,0.6856,0.3144,50.71885,49.28115,51,49,54,53,47,46,75300000.00,82300000.00,68300000.00,2.622375,8.39259,-3.192507,40000,2022-09-10,
2022,Senate,_deluxe,9/9/2022,0.686975,0.313025,50.71725,49.28275,51,49,54,53,47,46,75300000.00,82300000.00,68300000.00,2.608715,8.369928,-3.176283,40000,2022-09-09,
2022,Senate,_deluxe,9/8/2022,0.6964,0.3036,50.76463,49.23537,51,49,54,53,47,46,75300000.00,82300000.00,68300000.00,2.625679,8.444843,-3.210093,40000,2022-09-08,
2022,Senate,_deluxe,9/7/2022,0.696825,0.303175,50.75775,49.24225,51,49,54,53,47,46,75300000.00,82300000.00,68200000.00,2.586597,8.397221,-3.156872,40000,2022-09-07,
2022,Senate,_deluxe,9/6/2022,0.692925,0.307075,50.7275,49.2725,51,49,54,53,47,46,75200000.00,82400000.00,68300000.00,2.552784,8.413126,-3.294163,40000,2022-09-06,
2022,Senate,_deluxe,9/5/2022,0.6874,0.3126,50.6731,49.3269,51,49,54,53,47,46,75200000.00,82200000.00,68200000.00,2.389133,8.177071,-3.452768,40000,2022-09-05,
2022,Senate,_deluxe,9/4/2022,0.68065,0.31935,50.66295,49.33705,51,49,54,53,47,46,75200000.00,82200000.00,68200000.00,2.373062,8.2183,-3.490555,40000,2022-09-04,
2022,Senate,_deluxe,9/3/2022,0.680225,0.319775,50.66682,49.33318,51,49,54,53,47,46,75200000.00,82300000.00,68100000.00,2.360996,8.200167,-3.490791,40000,2022-09-03,
2022,Senate,_deluxe,9/2/2022,0.67995,0.32005,50.65662,49.34338,51,49,54,53,47,46,75200000.00,82200000.00,68200000.00,2.349079,8.260357,-3.588644,40000,2022-09-02,
2022,Senate,_deluxe,9/1/2022,0.684075,0.315925,50.66072,49.33928,51,49,54,53,47,46,75200000.00,82300000.00,68200000.00,2.367954,8.344984,-3.527834,40000,2022-09-01,
2022,Senate,_deluxe,8/31/2022,0.68485,0.31515,50.6861,49.3139,51,49,54,53,47,46,75200000.00,82300000.00,68000000.00,2.403351,8.220385,-3.485239,40000,2022-08-31,
2022,Senate,_deluxe,8/30/2022,0.660325,0.339675,50.53805,49.46195,51,49,54,53,47,46,75200000.00,82200000.00,68100000.00,2.037457,7.889555,-3.88467,40000,2022-08-30,
2022,Senate,_deluxe,8/29/2022,0.667125,0.332875,50.57507,49.42493,51,49,54,53,47,46,75200000.00,82200000.00,68200000.00,1.983036,8.011887,-4.008642,40000,2022-08-29,
2022,Senate,_deluxe,8/28/2022,0.6546,0.3454,50.5041,49.4959,51,49,54,53,47,46,75200000.00,82200000.00,68200000.00,1.943974,7.894299,-4.027391,40000,2022-08-28,
2022,Senate,_deluxe,8/27/2022,0.65075,0.34925,50.48955,49.51045,51,49,54,53,47,46,75200000.00,82300000.00,68100000.00,1.992985,7.935818,-4.061069,40000,2022-08-27,
2022,Senate,_deluxe,8/26/2022,0.650325,0.349675,50.4659,49.5341,51,49,54,53,47,46,75200000.00,82200000.00,68100000.00,1.969513,7.86359,-4.077845,40000,2022-08-26,
2022,Senate,_deluxe,8/25/2022,0.649675,0.350325,50.45842,49.54158,51,49,54,53,47,46,75200000.00,82200000.00,68200000.00,1.894684,7.752451,-4.140255,40000,2022-08-25,
2022,Senate,_deluxe,8/24/2022,0.6368,0.3632,50.39618,49.60382,50,50,54,53,47,46,75200000.00,82200000.00,68100000.00,1.738922,7.81081,-4.341021,40000,2022-08-24,
2022,Senate,_deluxe,8/23/2022,0.63445,0.36555,50.3561,49.6439,50,50,54,53,47,46,75000000.00,82100000.00,68000000.00,1.622295,7.705574,-4.320839,40000,2022-08-23,
2022,Senate,_deluxe,8/22/2022,0.630675,0.369325,50.33515,49.66485,50,50,54,53,47,46,75000000.00,82100000.00,68100000.00,1.659763,7.614744,-4.396166,40000,2022-08-22,
2022,Senate,_deluxe,8/21/2022,0.63185,0.36815,50.34452,49.65548,50,50,54,53,47,46,75000000.00,82000000.00,68100000.00,1.69619,7.694931,-4.418184,40000,2022-08-21,
2022,Senate,_deluxe,8/20/2022,0.6327,0.3673,50.3484,49.6516,50,50,54,53,47,46,75000000.00,82000000.00,68000000.00,1.732944,7.760153,-4.307825,40000,2022-08-20,
2022,Senate,_deluxe,8/19/2022,0.62835,0.371625,50.3409,49.65908,50,50,54,53,47,46,75000000.00,82200000.00,68000000.00,1.718037,7.751299,-4.355087,40000,2022-08-19,
2022,Senate,_deluxe,8/18/2022,0.63015,0.36985,50.3431,49.6569,50,50,54,53,47,46,75000000.00,82100000.00,68000000.00,1.695843,7.739834,-4.410185,40000,2022-08-18,
2022,Senate,_deluxe,8/17/2022,0.627075,0.372925,50.3266,49.6734,50,50,54,53,47,46,75000000.00,82100000.00,68000000.00,1.66349,7.689854,-4.38616,40000,2022-08-17,
2022,Senate,_deluxe,8/16/2022,0.617525,0.382475,50.26935,49.73065,50,50,54,53,47,46,74500000.00,81600000.00,67500000.00,1.556767,7.616632,-4.557713,40000,2022-08-16,
2022,Senate,_deluxe,8/15/2022,0.6145,0.3855,50.21482,49.78518,50,50,53,53,47,47,74500000.00,81600000.00,67500000.00,1.321564,7.429611,-4.754284,40000,2022-08-15,
2022,Senate,_deluxe,8/14/2022,0.61365,0.38635,50.2165,49.7835,50,50,53,53,47,47,74500000.00,81600000.00,67600000.00,1.306713,7.455109,-4.831596,40000,2022-08-14,
2022,Senate,_deluxe,8/13/2022,0.6106,0.3894,50.19205,49.80795,50,50,53,53,47,47,74500000.00,81600000.00,67500000.00,1.292534,7.301096,-4.828091,40000,2022-08-13,
2022,Senate,_deluxe,8/12/2022,0.60725,0.39275,50.18365,49.81635,50,50,53,53,47,47,74500000.00,81500000.00,67600000.00,1.278069,7.467241,-4.883865,40000,2022-08-12,
2022,Senate,_deluxe,8/11/2022,0.60305,0.39695,50.15918,49.84082,50,50,53,53,47,47,74500000.00,81600000.00,67500000.00,1.218296,7.367054,-4.992891,40000,2022-08-11,
2022,Senate,_deluxe,8/10/2022,0.597825,0.402175,50.12368,49.87632,50,50,53,53,47,47,74500000.00,81600000.00,67500000.00,1.193874,7.354197,-5.134054,40000,2022-08-10,
2022,Senate,_deluxe,8/9/2022,0.59745,0.40255,50.10567,49.8943,50,50,53,53,47,47,74300000.00,81400000.00,67200000.00,1.1287,7.288437,-5.07765,40000,2022-08-09,
2022,Senate,_deluxe,8/8/2022,0.588675,0.411325,50.07552,49.92448,50,50,53,53,47,47,74300000.00,81300000.00,67200000.00,1.13715,7.250822,-5.086487,40000,2022-08-08,
2022,Senate,_deluxe,8/7/2022,0.58565,0.41435,50.03617,49.96383,50,50,53,53,47,47,74300000.00,81400000.00,67200000.00,1.054928,7.179552,-5.18544,40000,2022-08-07,
2022,Senate,_deluxe,8/6/2022,0.5891,0.4109,50.05685,49.94315,50,50,53,53,47,47,74300000.00,81400000.00,67300000.00,1.044357,7.191202,-5.162569,40000,2022-08-06,
2022,Senate,_deluxe,8/5/2022,0.58665,0.41335,50.05447,49.94553,50,50,53,53,47,47,74300000.00,81300000.00,67200000.00,1.029442,7.261196,-5.201113,40000,2022-08-05,
2022,Senate,_deluxe,8/4/2022,0.5831,0.4169,50.01783,49.98217,50,50,53,53,47,47,74300000.00,81200000.00,67200000.00,0.9511566,7.161476,-5.2838,40000,2022-08-04,
2022,Senate,_deluxe,8/3/2022,0.573325,0.426675,49.98323,50.01677,50,50,53,53,47,47,74300000.00,81300000.00,67200000.00,0.8906097,7.156822,-5.31625,40000,2022-08-03,
2022,Senate,_deluxe,8/2/2022,0.567725,0.432275,49.93592,50.06408,50,50,53,53,47,47,74500000.00,81400000.00,67500000.00,0.821846,7.090462,-5.421444,40000,2022-08-02,
2022,Senate,_deluxe,8/1/2022,0.559875,0.4401,49.89537,50.10458,50,50,53,54,46,47,74500000.00,81400000.00,67400000.00,0.9866028,7.335835,-5.322655,40000,2022-08-01,
2022,Senate,_deluxe,7/31/2022,0.558275,0.441725,49.89872,50.10128,50,50,53,54,46,47,74500000.00,81500000.00,67400000.00,0.9419098,7.236303,-5.273134,40000,2022-07-31,
2022,Senate,_deluxe,7/30/2022,0.5558,0.4442,49.8708,50.1292,50,50,53,54,46,47,74500000.00,81600000.00,67500000.00,0.9644165,7.210466,-5.364454,40000,2022-07-30,
2022,Senate,_deluxe,7/29/2022,0.56165,0.43835,49.8971,50.1029,50,50,53,54,46,47,74500000.00,81500000.00,67400000.00,0.9526672,7.225065,-5.328243,40000,2022-07-29,
2022,Senate,_deluxe,7/28/2022,0.5456,0.4544,49.81688,50.18312,50,50,53,54,46,47,74500000.00,81600000.00,67500000.00,0.9369812,7.235632,-5.373358,40000,2022-07-28,
2022,Senate,_deluxe,7/27/2022,0.521575,0.478425,49.66782,50.33218,50,50,53,54,46,47,74500000.00,81500000.00,67500000.00,0.7172585,7.01432,-5.569595,40000,2022-07-27,
2022,Senate,_deluxe,7/26/2022,0.50945,0.49055,49.57375,50.42625,50,50,53,54,46,47,75200000.00,82300000.00,68300000.00,0.5918427,6.837143,-5.840284,40000,2022-07-26,
2022,Senate,_deluxe,7/25/2022,0.492575,0.507425,49.50048,50.49952,49,51,53,54,46,47,75200000.00,82400000.00,68200000.00,0.35532,6.608929,-6.006084,40000,2022-07-25,
2022,Senate,_deluxe,7/24/2022,0.4947,0.5053,49.50455,50.49545,49,51,53,54,46,47,75200000.00,82300000.00,68100000.00,0.3046761,6.614403,-6.022678,40000,2022-07-24,
2022,Senate,_deluxe,7/23/2022,0.496275,0.503725,49.5168,50.4832,49,51,53,54,46,47,75200000.00,82300000.00,68300000.00,0.3985291,6.784256,-5.923914,40000,2022-07-23,
2022,Senate,_deluxe,7/22/2022,0.495175,0.504825,49.51233,50.48765,49,51,53,54,46,47,75200000.00,82300000.00,68200000.00,0.3873405,6.683891,-6.01416,40000,2022-07-22,
2022,Senate,_deluxe,7/21/2022,0.494825,0.505175,49.50568,50.49432,49,51,53,54,46,47,75200000.00,82400000.00,68200000.00,0.2975883,6.708466,-6.044712,40000,2022-07-21,
2022,Senate,_deluxe,7/20/2022,0.482425,0.517575,49.4186,50.5814,49,51,53,54,46,47,75200000.00,82300000.00,68200000.00,0.0509644,6.410673,-6.387434,40000,2022-07-20,
2022,Senate,_deluxe,7/19/2022,0.471575,0.528425,49.36237,50.63763,49,51,53,54,46,47,75600000.00,82600000.00,68500000.00,-0.0900116,6.274155,-6.535351,40000,2022-07-19,
2022,Senate,_deluxe,7/18/2022,0.468875,0.531125,49.34938,50.65062,49,51,53,54,46,47,75600000.00,82600000.00,68500000.00,-0.124382,6.236586,-6.562784,40000,2022-07-18,
2022,Senate,_deluxe,7/17/2022,0.468675,0.531325,49.35418,50.64582,49,51,53,54,46,47,75600000.00,82700000.00,68600000.00,-0.1221237,6.271854,-6.54287,40000,2022-07-17,
2022,Senate,_deluxe,7/16/2022,0.47035,0.52965,49.35105,50.64895,49,51,53,54,46,47,75600000.00,82600000.00,68600000.00,-0.1310158,6.278545,-6.556356,40000,2022-07-16,
2022,Senate,_deluxe,7/15/2022,0.477,0.523,49.40052,50.59948,49,51,53,54,46,47,75600000.00,82700000.00,68500000.00,-0.1383743,6.31616,-6.497463,40000,2022-07-15,
2022,Senate,_deluxe,7/14/2022,0.47,0.53,49.34357,50.65643,49,51,53,54,46,47,75600000.00,82500000.00,68600000.00,-0.1763382,6.231009,-6.714031,40000,2022-07-14,
2022,Senate,_deluxe,7/13/2022,0.458225,0.541775,49.26622,50.73378,49,51,53,54,46,47,76300000.00,83400000.00,69300000.00,-0.3629951,6.107748,-6.870247,40000,2022-07-13,
2022,Senate,_deluxe,7/12/2022,0.442425,0.557575,49.15885,50.84115,49,51,53,54,46,47,76600000.00,83700000.00,69600000.00,-0.5698128,5.899422,-7.113178,40000,2022-07-12,
2022,Senate,_deluxe,7/11/2022,0.45615,0.54385,49.22738,50.77262,49,51,53,54,46,47,76600000.00,83700000.00,69600000.00,-0.4878693,6.079758,-6.995201,40000,2022-07-11,
2022,Senate,_deluxe,7/10/2022,0.460575,0.539425,49.24807,50.75193,49,51,53,54,46,47,76600000.00,83800000.00,69600000.00,-0.3409843,5.997099,-6.860811,40000,2022-07-10,
2022,Senate,_deluxe,7/9/2022,0.46375,0.53625,49.26785,50.73212,49,51,53,54,46,47,76600000.00,83800000.00,69500000.00,-0.3481789,6.084639,-6.800728,40000,2022-07-09,
2022,Senate,_deluxe,7/8/2022,0.465075,0.534925,49.27165,50.72835,49,51,53,54,46,47,76600000.00,83600000.00,69700000.00,-0.3564835,6.157137,-6.870445,40000,2022-07-08,
2022,Senate,_deluxe,7/7/2022,0.468025,0.531975,49.3107,50.6893,49,51,53,54,46,47,76600000.00,83600000.00,69600000.00,-0.2930527,6.261452,-6.816841,40000,2022-07-07,
2022,Senate,_deluxe,7/6/2022,0.4659,0.5341,49.28693,50.71305,49,51,53,54,46,47,76600000.00,83700000.00,69600000.00,-0.3689308,6.162561,-6.851198,40000,2022-07-06,
2022,Senate,_deluxe,7/5/2022,0.46145,0.53855,49.24952,50.75048,49,51,53,54,46,47,76200000.00,83200000.00,69200000.00,-0.4348831,6.052717,-6.961729,40000,2022-07-05,
2022,Senate,_deluxe,7/4/2022,0.4547,0.5453,49.20018,50.79982,49,51,53,54,46,47,76200000.00,83300000.00,69200000.00,-0.5488739,5.905895,-6.996828,40000,2022-07-04,
2022,Senate,_deluxe,7/3/2022,0.449825,0.550175,49.19102,50.80898,49,51,53,54,46,47,76200000.00,83200000.00,69100000.00,-0.5546379,5.941118,-7.095072,40000,2022-07-03,
2022,Senate,_deluxe,7/2/2022,0.456225,0.543775,49.20425,50.79575,49,51,53,54,46,47,76200000.00,83300000.00,69200000.00,-0.5604057,5.949907,-7.039627,40000,2022-07-02,
2022,Senate,_deluxe,7/1/2022,0.455675,0.544325,49.19895,50.80105,49,51,53,54,46,47,76200000.00,83300000.00,69100000.00,-0.5653839,5.969255,-7.071066,40000,2022-07-01,
2022,Senate,_deluxe,6/30/2022,0.449675,0.550325,49.18988,50.81012,49,51,53,54,46,47,76200000.00,83200000.00,69300000.00,-0.5965958,5.974007,-7.049234,40000,2022-06-30,
2022,Senate,_deluxe,6/29/2022,0.495475,0.504525,49.45985,50.54015,49,51,53,54,46,47,76200000.00,83300000.00,69200000.00,-0.2077103,6.349123,-6.810099,40000,2022-06-29,
2022,Senate,_deluxe,6/26/2022,0.464325,0.535675,49.30825,50.69175,49,51,53,54,46,47,75800000.00,82900000.00,68800000.00,-0.4278526,6.094681,-6.939075,40000,2022-06-29,
2022,Senate,_deluxe,6/25/2022,0.466725,0.533275,49.3016,50.6984,49,51,53,54,46,47,75800000.00,82900000.00,68900000.00,-0.4240837,6.117159,-7.095469,40000,2022-06-29,
2022,Senate,_deluxe,6/24/2022,0.4699,0.5301,49.33197,50.66803,49,51,53,54,46,47,75800000.00,82900000.00,68800000.00,-0.4250641,6.231825,-7.077433,40000,2022-06-29,
2022,Senate,_deluxe,6/22/2022,0.46345,0.53655,49.30153,50.69847,49,51,53,54,46,47,75800000.00,82900000.00,68800000.00,-0.4429054,6.153242,-7.127953,40000,2022-06-29,
2022,Senate,_deluxe,6/21/2022,0.45635,0.54365,49.27333,50.72667,49,51,53,54,46,47,75800000.00,82900000.00,68800000.00,-0.5014,6.180714,-7.109068,40000,2022-06-29,
2022,Senate,_deluxe,6/19/2022,0.45095,0.54905,49.2289,50.7711,49,51,53,54,46,47,75600000.00,82700000.00,68700000.00,-0.5320778,6.133268,-7.19483,40000,2022-06-29,
2022,Senate,_deluxe,6/18/2022,0.4564,0.5436,49.24728,50.75272,49,51,53,54,46,47,75600000.00,82600000.00,68600000.00,-0.5308075,6.16717,-7.141289,40000,2022-06-29,
2022,Senate,_deluxe,6/17/2022,0.4546,0.5454,49.2383,50.7617,49,51,53,54,46,47,75600000.00,82700000.00,68600000.00,-0.5291138,6.111517,-7.140659,40000,2022-06-29,
2022,Senate,_deluxe,6/15/2022,0.4519,0.5481,49.24503,50.75495,49,51,53,54,46,47,75600000.00,82600000.00,68600000.00,-0.572113,6.213951,-7.255064,40000,2022-06-29,
2022,Senate,_deluxe,6/14/2022,0.40545,0.59455,48.96487,51.03513,49,51,52,54,46,48,75600000.00,82700000.00,68700000.00,-1.039173,5.607605,-7.791283,40000,2022-06-29,
2022,Senate,_deluxe,6/13/2022,0.403325,0.596675,48.97315,51.02685,49,51,52,54,46,48,75200000.00,82100000.00,68200000.00,-1.025707,5.685055,-7.749998,40000,2022-06-29,
2022,Senate,_deluxe,6/11/2022,0.404725,0.595275,48.96045,51.03955,49,51,52,54,46,48,75200000.00,82300000.00,68200000.00,-1.083664,5.648109,-7.813906,40000,2022-06-29,
2022,Senate,_deluxe,6/10/2022,0.400275,0.599725,48.94157,51.05843,49,51,52,54,46,48,75200000.00,82200000.00,68200000.00,-1.080658,5.64879,-7.868332,40000,2022-06-29,
2022,Senate,_deluxe,6/9/2022,0.403325,0.596675,48.95452,51.04548,49,51,52,54,46,48,75200000.00,82300000.00,68200000.00,-1.078678,5.571604,-7.830761,40000,2022-06-29,
2022,Senate,_deluxe,6/7/2022,0.403675,0.596325,48.9671,51.0329,49,51,52,54,46,48,75200000.00,82300000.00,68300000.00,-1.036026,5.746351,-7.852434,40000,2022-06-29,
2022,Senate,_deluxe,6/6/2022,0.405475,0.594525,48.99083,51.00917,49,51,52,54,46,48,75300000.00,82400000.00,68400000.00,-1.02433,5.722368,-7.772261,40000,2022-06-29,
2022,Senate,_deluxe,6/5/2022,0.417175,0.582825,49.03767,50.96233,49,51,52,54,46,48,75300000.00,82300000.00,68200000.00,-0.899025,5.855448,-7.620897,40000,2022-06-29,
2022,Senate,_deluxe,6/3/2022,0.415275,0.584725,49.03365,50.96635,49,51,52,54,46,48,75300000.00,82400000.00,68300000.00,-0.8580933,6.029684,-7.633518,40000,2022-06-29,
2022,Senate,_deluxe,6/2/2022,0.402225,0.597775,48.95317,51.04683,49,51,52,54,46,48,75300000.00,82400000.00,68300000.00,-1.03249,5.764755,-7.883615,40000,2022-06-29,
2022,Senate,_deluxe,6/1/2022,0.401925,0.598075,48.9552,51.0448,49,51,52,54,46,48,75300000.00,82300000.00,68300000.00,-1.029251,5.806906,-7.86866,40000,2022-06-29,
2022,Senate,_classic,11/8/2022,0.485525,0.514475,49.4989,50.5011,49,51,53,54,46,47,78300000.00,85400000.00,71300000.00,0.6225395,4.94182,-3.770658,40000,2022-11-08,
2022,Senate,_classic,11/7/2022,0.485225,0.514775,49.5045,50.4955,49,51,53,54,46,47,78300000.00,85400000.00,71400000.00,0.6198959,5.016111,-3.831404,40000,2022-11-07,
2022,Senate,_classic,11/6/2022,0.5186,0.4814,49.71157,50.28843,50,50,53,54,46,47,78000000.00,85200000.00,71100000.00,1.023922,5.507334,-3.455017,40000,2022-11-06,
2022,Senate,_classic,11/5/2022,0.515875,0.484125,49.684,50.316,50,50,53,54,46,47,78000000.00,85200000.00,71000000.00,0.8914299,5.396013,-3.715216,40000,2022-11-05,
2022,Senate,_classic,11/4/2022,0.514025,0.485975,49.68248,50.31752,50,50,53,54,46,47,78000000.00,85100000.00,71100000.00,0.8968277,5.466331,-3.751053,40000,2022-11-04,
2022,Senate,_classic,11/3/2022,0.521725,0.478275,49.73552,50.26448,50,50,53,54,46,47,78000000.00,85100000.00,71000000.00,0.9288101,5.512697,-3.699133,40000,2022-11-03,
2022,Senate,_classic,11/2/2022,0.53945,0.46055,49.84035,50.15965,50,50,53,54,46,47,78000000.00,85000000.00,71000000.00,1.019558,5.667786,-3.742496,40000,2022-11-02,
2022,Senate,_classic,11/1/2022,0.562225,0.437775,49.96152,50.03848,50,50,53,53,47,47,77500000.00,84600000.00,70500000.00,1.097652,5.81209,-3.605099,40000,2022-11-01,
2022,Senate,_classic,10/31/2022,0.579075,0.420925,50.0701,49.9299,50,50,54,53,47,46,77200000.00,84400000.00,70200000.00,1.215477,5.897068,-3.581051,40000,2022-10-31,
2022,Senate,_classic,10/30/2022,0.597175,0.402825,50.19098,49.809,50,50,54,53,47,46,77200000.00,84200000.00,70200000.00,1.243332,6.009188,-3.569956,40000,2022-10-30,
2022,Senate,_classic,10/29/2022,0.607325,0.392675,50.25575,49.74425,50,50,54,53,47,46,77200000.00,84300000.00,70300000.00,1.315475,6.14908,-3.510715,40000,2022-10-29,
2022,Senate,_classic,10/28/2022,0.603425,0.396575,50.23822,49.76178,50,50,54,53,47,46,77200000.00,84200000.00,70300000.00,1.302567,6.200108,-3.548937,40000,2022-10-28,
2022,Senate,_classic,10/27/2022,0.60745,0.39255,50.2688,49.7312,50,50,54,53,47,46,77200000.00,84400000.00,70200000.00,1.374866,6.219894,-3.538736,40000,2022-10-27,
2022,Senate,_classic,10/26/2022,0.62305,0.37695,50.34325,49.65675,50,50,54,53,47,46,77200000.00,84300000.00,70300000.00,1.462051,6.322672,-3.482452,40000,2022-10-26,
2022,Senate,_classic,10/25/2022,0.630775,0.369225,50.39902,49.60098,50,50,54,53,47,46,79500000.00,86600000.00,72500000.00,1.605877,6.54195,-3.328733,40000,2022-10-25,
2022,Senate,_classic,10/24/2022,0.634,0.366,50.44115,49.55885,50,50,54,53,47,46,79500000.00,86700000.00,72400000.00,1.671036,6.623524,-3.278025,40000,2022-10-24,
2022,Senate,_classic,10/23/2022,0.6377,0.3623,50.46048,49.53952,50,50,54,53,47,46,79500000.00,86600000.00,72500000.00,1.687683,6.616552,-3.301987,40000,2022-10-23,
2022,Senate,_classic,10/22/2022,0.629,0.371,50.4283,49.5717,50,50,54,53,47,46,79500000.00,86700000.00,72400000.00,1.668335,6.644691,-3.389238,40000,2022-10-22,
2022,Senate,_classic,10/21/2022,0.652125,0.347875,50.56505,49.43495,51,49,54,53,47,46,79500000.00,86600000.00,72400000.00,1.778236,6.856155,-3.27359,40000,2022-10-21,
2022,Senate,_classic,10/20/2022,0.679575,0.320425,50.73388,49.2661,51,49,54,53,47,46,79500000.00,86600000.00,72400000.00,2.063126,7.12908,-3.006481,40000,2022-10-20,
2022,Senate,_classic,10/19/2022,0.6926,0.3074,50.82212,49.17788,51,49,54,53,47,46,79500000.00,86600000.00,72500000.00,2.15416,7.22928,-2.970011,40000,2022-10-19,
2022,Senate,_classic,10/18/2022,0.70025,0.29975,50.90835,49.09165,51,49,54,53,47,46,79600000.00,86700000.00,72500000.00,2.274132,7.37332,-2.861814,40000,2022-10-18,
2022,Senate,_classic,10/17/2022,0.71155,0.28845,50.967,49.033,51,49,54,53,47,46,79600000.00,86700000.00,72600000.00,2.552223,7.709026,-2.6297,40000,2022-10-17,
2022,Senate,_classic,10/16/2022,0.72375,0.27625,51.035,48.965,51,49,54,52,48,46,79600000.00,86800000.00,72500000.00,2.754719,7.917288,-2.485298,40000,2022-10-16,
2022,Senate,_classic,10/15/2022,0.718425,0.281575,50.9919,49.0081,51,49,54,52,48,46,79600000.00,86700000.00,72600000.00,2.725765,7.851156,-2.541168,40000,2022-10-15,
2022,Senate,_classic,10/14/2022,0.7217,0.2783,51.01247,48.9875,51,49,54,52,48,46,79600000.00,86700000.00,72600000.00,2.759205,7.93552,-2.49881,40000,2022-10-14,
2022,Senate,_classic,10/13/2022,0.73205,0.26795,51.08982,48.91018,51,49,54,52,48,46,79600000.00,86700000.00,72600000.00,2.93557,8.202345,-2.317947,40000,2022-10-13,
2022,Senate,_classic,10/12/2022,0.7248,0.2752,51.0279,48.97208,51,49,54,52,48,46,79600000.00,86700000.00,72600000.00,2.962738,8.131546,-2.337236,40000,2022-10-12,
2022,Senate,_classic,10/11/2022,0.734725,0.265275,51.09492,48.90508,51,49,54,52,48,46,79000000.00,86100000.00,71900000.00,2.976299,8.244728,-2.348946,40000,2022-10-11,
2022,Senate,_classic,10/10/2022,0.738625,0.261375,51.14515,48.85485,51,49,54,52,48,46,79000000.00,86100000.00,71900000.00,3.599949,8.924713,-1.74943,40000,2022-10-10,
2022,Senate,_classic,10/9/2022,0.754,0.246,51.25445,48.74553,51,49,55,52,48,45,79000000.00,86100000.00,71900000.00,3.706409,8.983072,-1.638435,40000,2022-10-09,
2022,Senate,_classic,10/8/2022,0.746775,0.253225,51.23933,48.76067,51,49,55,52,48,45,79000000.00,86200000.00,71900000.00,3.660221,9.070427,-1.721741,40000,2022-10-08,
2022,Senate,_classic,10/7/2022,0.7469,0.2531,51.2022,48.7978,51,49,54,52,48,46,79000000.00,86000000.00,71900000.00,3.59647,8.971384,-1.797499,40000,2022-10-07,
2022,Senate,_classic,10/6/2022,0.751475,0.248525,51.24617,48.75383,51,49,55,52,48,45,79000000.00,86000000.00,71900000.00,3.659546,9.08931,-1.689898,40000,2022-10-06,
2022,Senate,_classic,10/5/2022,0.7496,0.2504,51.26892,48.73108,51,49,55,52,48,45,79000000.00,86100000.00,72000000.00,3.745358,9.144339,-1.697531,40000,2022-10-05,
2022,Senate,_classic,10/4/2022,0.7328,0.2672,51.15508,48.84492,51,49,55,52,48,45,77200000.00,84200000.00,70200000.00,3.670757,9.055992,-1.790924,40000,2022-10-04,
2022,Senate,_classic,10/3/2022,0.736375,0.263625,51.19643,48.80357,51,49,55,52,48,45,77200000.00,84200000.00,70100000.00,3.711773,9.133244,-1.817728,40000,2022-10-03,
2022,Senate,_classic,10/2/2022,0.751,0.249,51.31432,48.68568,51,49,55,52,48,45,77200000.00,84200000.00,70200000.00,3.824734,9.281839,-1.628895,40000,2022-10-02,
2022,Senate,_classic,10/1/2022,0.7501,0.2499,51.27845,48.72155,51,49,55,52,48,45,77200000.00,84300000.00,70100000.00,3.720978,9.209312,-1.774492,40000,2022-10-01,
2022,Senate,_classic,9/30/2022,0.751875,0.248125,51.27398,48.72602,51,49,55,52,48,45,77200000.00,84200000.00,70200000.00,3.719334,9.149448,-1.824005,40000,2022-09-30,
2022,Senate,_classic,9/29/2022,0.754625,0.245375,51.32965,48.67035,51,49,55,52,48,45,77200000.00,84200000.00,70300000.00,3.700424,9.26671,-1.803789,40000,2022-09-29,
2022,Senate,_classic,9/28/2022,0.766325,0.233675,51.37715,48.62285,51,49,55,52,48,45,77200000.00,84200000.00,70200000.00,3.775322,9.270866,-1.823883,40000,2022-09-28,
2022,Senate,_classic,9/27/2022,0.7627,0.2373,51.36172,48.63828,51,49,55,52,48,45,75400000.00,82500000.00,68200000.00,3.701271,9.221893,-1.851147,40000,2022-09-27,
2022,Senate,_classic,9/26/2022,0.7617,0.2383,51.38578,48.61422,52,48,55,52,48,45,75400000.00,82400000.00,68300000.00,3.70332,9.289047,-1.919159,40000,2022-09-26,
2022,Senate,_classic,9/25/2022,0.776775,0.223225,51.43393,48.56607,52,48,55,52,48,45,75400000.00,82500000.00,68400000.00,3.75729,9.341888,-1.83194,40000,2022-09-25,
2022,Senate,_classic,9/24/2022,0.7811,0.2189,51.49232,48.50765,52,48,55,52,48,45,75400000.00,82500000.00,68400000.00,3.914997,9.477049,-1.633532,40000,2022-09-24,
2022,Senate,_classic,9/23/2022,0.78015,0.21985,51.47295,48.52705,52,48,55,52,48,45,75400000.00,82500000.00,68400000.00,3.935368,9.470585,-1.695686,40000,2022-09-23,
2022,Senate,_classic,9/22/2022,0.774525,0.225475,51.43023,48.56977,52,48,55,52,48,45,75400000.00,82300000.00,68300000.00,3.817081,9.472216,-1.861256,40000,2022-09-22,
2022,Senate,_classic,9/21/2022,0.7847,0.2153,51.48518,48.5148,52,48,55,52,48,45,75400000.00,82400000.00,68500000.00,3.732777,9.379662,-1.93285,40000,2022-09-21,
2022,Senate,_classic,9/20/2022,0.789375,0.210625,51.51545,48.48455,52,48,55,52,48,45,75300000.00,82200000.00,68200000.00,3.753643,9.432272,-1.887913,40000,2022-09-20,
2022,Senate,_classic,9/19/2022,0.793125,0.206875,51.56355,48.43645,52,48,55,52,48,45,75300000.00,82300000.00,68200000.00,3.768227,9.418722,-1.946407,40000,2022-09-19,
2022,Senate,_classic,9/18/2022,0.790325,0.209675,51.53947,48.46053,52,48,55,52,48,45,75300000.00,82300000.00,68200000.00,3.885567,9.519964,-1.869749,40000,2022-09-18,
2022,Senate,_classic,9/17/2022,0.796175,0.2038,51.6003,48.39967,52,48,55,52,48,45,75300000.00,82200000.00,68200000.00,3.804878,9.50963,-1.97806,40000,2022-09-17,
2022,Senate,_classic,9/16/2022,0.7946,0.2054,51.58565,48.41435,52,48,55,52,48,45,75300000.00,82200000.00,68300000.00,3.794952,9.574228,-1.980371,40000,2022-09-16,
2022,Senate,_classic,9/15/2022,0.789325,0.210675,51.53025,48.46973,52,48,55,52,48,45,75300000.00,82300000.00,68300000.00,3.78841,9.523001,-1.924591,40000,2022-09-15,
2022,Senate,_classic,9/14/2022,0.794875,0.205125,51.60888,48.39112,52,48,55,52,48,45,75300000.00,82200000.00,68200000.00,3.828495,9.639393,-1.881924,40000,2022-09-14,
2022,Senate,_classic,9/13/2022,0.790525,0.209475,51.56298,48.43702,52,48,55,52,48,45,75300000.00,82400000.00,68300000.00,3.672298,9.388903,-2.148569,40000,2022-09-13,
2022,Senate,_classic,9/12/2022,0.7731,0.2269,51.44755,48.55243,52,48,55,52,48,45,75300000.00,82300000.00,68200000.00,3.380318,9.14576,-2.451952,40000,2022-09-12,
2022,Senate,_classic,9/11/2022,0.773225,0.226775,51.44997,48.55003,52,48,55,52,48,45,75300000.00,82400000.00,68300000.00,3.345509,9.126297,-2.423435,40000,2022-09-11,
2022,Senate,_classic,9/10/2022,0.772125,0.227875,51.44537,48.55463,52,48,55,52,48,45,75300000.00,82300000.00,68300000.00,3.333794,9.134991,-2.504025,40000,2022-09-10,
2022,Senate,_classic,9/9/2022,0.771675,0.228325,51.44025,48.55975,52,48,55,52,48,45,75300000.00,82300000.00,68300000.00,3.321529,9.116007,-2.489023,40000,2022-09-09,
2022,Senate,_classic,9/8/2022,0.78555,0.21445,51.52742,48.47255,52,48,55,52,48,45,75300000.00,82300000.00,68300000.00,3.36179,9.200861,-2.496891,40000,2022-09-08,
2022,Senate,_classic,9/7/2022,0.785525,0.214475,51.51352,48.48648,52,48,55,52,48,45,75300000.00,82300000.00,68200000.00,3.326015,9.158207,-2.446505,40000,2022-09-07,
2022,Senate,_classic,9/6/2022,0.78255,0.21745,51.4816,48.51838,52,48,55,52,48,45,75200000.00,82400000.00,68300000.00,3.290531,9.163904,-2.588919,40000,2022-09-06,
2022,Senate,_classic,9/5/2022,0.77695,0.22305,51.42133,48.57867,52,48,55,52,48,45,75200000.00,82200000.00,68200000.00,3.142067,8.956686,-2.721878,40000,2022-09-05,
2022,Senate,_classic,9/4/2022,0.773125,0.226875,51.40805,48.59193,52,48,55,52,48,45,75200000.00,82200000.00,68200000.00,3.127155,8.995142,-2.768887,40000,2022-09-04,
2022,Senate,_classic,9/3/2022,0.7721,0.2279,51.4085,48.5915,52,48,55,52,48,45,75200000.00,82300000.00,68100000.00,3.116287,8.985779,-2.748278,40000,2022-09-03,
2022,Senate,_classic,9/2/2022,0.770575,0.229425,51.40258,48.59742,52,48,55,52,48,45,75200000.00,82200000.00,68200000.00,3.105522,9.038086,-2.850954,40000,2022-09-02,
2022,Senate,_classic,9/1/2022,0.77685,0.22315,51.42223,48.57775,52,48,55,52,48,45,75200000.00,82300000.00,68200000.00,3.163876,9.174107,-2.754646,40000,2022-09-01,
2022,Senate,_classic,8/31/2022,0.776625,0.223375,51.4501,48.5499,52,48,55,52,48,45,75200000.00,82300000.00,68000000.00,3.210213,9.045601,-2.703625,40000,2022-08-31,
2022,Senate,_classic,8/30/2022,0.771425,0.228575,51.39138,48.60862,52,48,55,52,48,45,75200000.00,82200000.00,68100000.00,2.922604,8.799936,-3.025827,40000,2022-08-30,
2022,Senate,_classic,8/29/2022,0.772475,0.227525,51.41402,48.58598,52,48,55,52,48,45,75200000.00,82200000.00,68200000.00,2.823692,8.872055,-3.193913,40000,2022-08-29,
2022,Senate,_classic,8/28/2022,0.76075,0.23925,51.33107,48.66893,52,48,55,52,48,45,75200000.00,82200000.00,68200000.00,2.77655,8.749922,-3.21394,40000,2022-08-28,
2022,Senate,_classic,8/27/2022,0.7596,0.2404,51.30885,48.69115,52,48,55,52,48,45,75200000.00,82300000.00,68100000.00,2.807903,8.775223,-3.270868,40000,2022-08-27,
2022,Senate,_classic,8/26/2022,0.757425,0.242575,51.28005,48.71995,51,49,54,52,48,46,75200000.00,82200000.00,68100000.00,2.784878,8.702959,-3.281683,40000,2022-08-26,
2022,Senate,_classic,8/25/2022,0.753925,0.246075,51.27633,48.72367,51,49,55,52,48,45,75200000.00,82200000.00,68200000.00,2.731972,8.608873,-3.324356,40000,2022-08-25,
2022,Senate,_classic,8/24/2022,0.75185,0.24815,51.28012,48.71988,51,49,55,52,48,45,75200000.00,82200000.00,68100000.00,2.680073,8.770866,-3.418686,40000,2022-08-24,
2022,Senate,_classic,8/23/2022,0.755825,0.244175,51.29298,48.70702,51,49,55,52,48,45,75000000.00,82100000.00,68000000.00,2.649364,8.742891,-3.306606,40000,2022-08-23,
2022,Senate,_classic,8/22/2022,0.753875,0.246125,51.27245,48.72752,51,49,55,52,48,45,75000000.00,82100000.00,68100000.00,2.690277,8.660856,-3.391008,40000,2022-08-22,
2022,Senate,_classic,8/21/2022,0.7527,0.2473,51.2646,48.7354,51,49,55,52,48,45,75000000.00,82000000.00,68100000.00,2.727806,8.743084,-3.405458,40000,2022-08-21,
2022,Senate,_classic,8/20/2022,0.751925,0.248075,51.26847,48.73153,51,49,55,52,48,45,75000000.00,82000000.00,68000000.00,2.755714,8.800753,-3.304308,40000,2022-08-20,
2022,Senate,_classic,8/19/2022,0.75185,0.24815,51.2553,48.7447,51,49,55,52,48,45,75000000.00,82200000.00,68000000.00,2.742149,8.797407,-3.344141,40000,2022-08-19,
2022,Senate,_classic,8/18/2022,0.75265,0.24735,51.2707,48.7293,51,49,55,52,48,45,75000000.00,82100000.00,68000000.00,2.719418,8.792107,-3.404392,40000,2022-08-18,
2022,Senate,_classic,8/17/2022,0.752975,0.247025,51.27025,48.72972,51,49,55,52,48,45,75000000.00,82100000.00,68000000.00,2.703796,8.73963,-3.370823,40000,2022-08-17,
2022,Senate,_classic,8/16/2022,0.74225,0.25775,51.2006,48.7994,51,49,54,52,48,46,74500000.00,81600000.00,67500000.00,2.648315,8.726479,-3.484182,40000,2022-08-16,
2022,Senate,_classic,8/15/2022,0.740775,0.259225,51.10162,48.89835,51,49,54,52,48,46,74500000.00,81600000.00,67500000.00,2.31847,8.442064,-3.776815,40000,2022-08-15,
2022,Senate,_classic,8/14/2022,0.740675,0.259325,51.11652,48.88348,51,49,54,52,48,46,74500000.00,81600000.00,67600000.00,2.330288,8.502073,-3.82235,40000,2022-08-14,
2022,Senate,_classic,8/13/2022,0.738975,0.261025,51.10263,48.89737,51,49,54,52,48,46,74500000.00,81600000.00,67500000.00,2.317307,8.349779,-3.813412,40000,2022-08-13,
2022,Senate,_classic,8/12/2022,0.73605,0.26395,51.08892,48.91108,51,49,54,52,48,46,74500000.00,81500000.00,67600000.00,2.304043,8.51156,-3.879066,40000,2022-08-12,
2022,Senate,_classic,8/11/2022,0.728175,0.271825,51.05333,48.94667,51,49,54,52,48,46,74500000.00,81600000.00,67500000.00,2.245052,8.416864,-3.987709,40000,2022-08-11,
2022,Senate,_classic,8/10/2022,0.72355,0.27645,50.99185,49.00815,51,49,54,53,47,46,74500000.00,81600000.00,67500000.00,2.152897,8.334402,-4.200531,40000,2022-08-10,
2022,Senate,_classic,8/9/2022,0.7191,0.2809,50.96083,49.03917,51,49,54,53,47,46,74300000.00,81400000.00,67200000.00,2.078766,8.265013,-4.151012,40000,2022-08-09,
2022,Senate,_classic,8/8/2022,0.71225,0.28775,50.929,49.071,51,49,54,53,47,46,74300000.00,81300000.00,67200000.00,2.087223,8.221706,-4.154654,40000,2022-08-08,
2022,Senate,_classic,8/7/2022,0.7052,0.2948,50.87342,49.12658,51,49,54,53,47,46,74300000.00,81400000.00,67200000.00,1.976009,8.135767,-4.277739,40000,2022-08-07,
2022,Senate,_classic,8/6/2022,0.71325,0.28675,50.90065,49.09935,51,49,54,53,47,46,74300000.00,81400000.00,67300000.00,1.968864,8.13558,-4.267916,40000,2022-08-06,
2022,Senate,_classic,8/5/2022,0.710125,0.289875,50.90665,49.09335,51,49,54,53,47,46,74300000.00,81300000.00,67200000.00,1.955196,8.192217,-4.297199,40000,2022-08-05,
2022,Senate,_classic,8/4/2022,0.706175,0.293825,50.86125,49.13875,51,49,54,53,47,46,74300000.00,81200000.00,67200000.00,1.89497,8.138268,-4.35784,40000,2022-08-04,
2022,Senate,_classic,8/3/2022,0.69925,0.30075,50.81837,49.18163,51,49,54,53,47,46,74300000.00,81300000.00,67200000.00,1.839462,8.124281,-4.394814,40000,2022-08-03,
2022,Senate,_classic,8/2/2022,0.694625,0.305375,50.8088,49.1912,51,49,54,53,47,46,74500000.00,81400000.00,67500000.00,1.806351,8.092743,-4.459391,40000,2022-08-02,
2022,Senate,_classic,8/1/2022,0.684325,0.315675,50.75602,49.24398,51,49,54,53,47,46,74500000.00,81400000.00,67400000.00,1.972301,8.334593,-4.352383,40000,2022-08-01,
2022,Senate,_classic,7/31/2022,0.6838,0.3162,50.75775,49.24225,51,49,54,53,47,46,74500000.00,81500000.00,67400000.00,1.928062,8.244667,-4.304766,40000,2022-07-31,
2022,Senate,_classic,7/30/2022,0.682075,0.317925,50.7239,49.2761,51,49,54,53,47,46,74500000.00,81600000.00,67500000.00,1.950191,8.22057,-4.399828,40000,2022-07-30,
2022,Senate,_classic,7/29/2022,0.6868,0.3132,50.76038,49.23962,51,49,54,53,47,46,74500000.00,81500000.00,67400000.00,1.939251,8.224138,-4.357725,40000,2022-07-29,
2022,Senate,_classic,7/28/2022,0.6659,0.3341,50.64933,49.35067,51,49,54,53,47,46,74500000.00,81600000.00,67500000.00,1.893906,8.206553,-4.440346,40000,2022-07-28,
2022,Senate,_classic,7/27/2022,0.639925,0.360075,50.43205,49.56795,51,49,54,53,47,46,74500000.00,81500000.00,67500000.00,1.619362,7.933641,-4.686178,40000,2022-07-27,
2022,Senate,_classic,7/26/2022,0.61945,0.38055,50.30745,49.69255,50,50,54,53,47,46,75200000.00,82300000.00,68300000.00,1.483917,7.746304,-4.97584,40000,2022-07-26,
2022,Senate,_classic,7/25/2022,0.61085,0.38915,50.2433,49.7567,50,50,54,54,46,46,75200000.00,82400000.00,68200000.00,1.275803,7.54915,-5.10454,40000,2022-07-25,
2022,Senate,_classic,7/24/2022,0.609075,0.390925,50.24697,49.753,50,50,54,54,46,46,75200000.00,82300000.00,68100000.00,1.213573,7.548,-5.125517,40000,2022-07-24,
2022,Senate,_classic,7/23/2022,0.615275,0.384725,50.28665,49.71335,50,50,54,53,47,46,75200000.00,82300000.00,68300000.00,1.397419,7.799416,-4.944351,40000,2022-07-23,
2022,Senate,_classic,7/22/2022,0.613225,0.386775,50.26373,49.73627,50,50,54,53,47,46,75200000.00,82300000.00,68200000.00,1.386684,7.703211,-5.034794,40000,2022-07-22,
2022,Senate,_classic,7/21/2022,0.6132,0.3868,50.26778,49.73222,50,50,54,53,47,46,75200000.00,82400000.00,68200000.00,1.306637,7.73601,-5.048443,40000,2022-07-21,
2022,Senate,_classic,7/20/2022,0.600375,0.399625,50.1646,49.8354,50,50,54,54,46,46,75200000.00,82300000.00,68200000.00,1.090912,7.468084,-5.374722,40000,2022-07-20,
2022,Senate,_classic,7/19/2022,0.59435,0.40565,50.1699,49.8301,50,50,54,54,46,46,75600000.00,82600000.00,68500000.00,1.020657,7.398539,-5.436632,40000,2022-07-19,
2022,Senate,_classic,7/18/2022,0.596275,0.403725,50.1641,49.8359,50,50,54,54,46,46,75600000.00,82600000.00,68500000.00,0.9797401,7.34264,-5.468769,40000,2022-07-18,
2022,Senate,_classic,7/17/2022,0.5958,0.4042,50.17157,49.8284,50,50,54,54,46,46,75600000.00,82700000.00,68600000.00,0.9991989,7.410391,-5.435875,40000,2022-07-17,
2022,Senate,_classic,7/16/2022,0.598575,0.401425,50.1681,49.8319,50,50,54,54,46,46,75600000.00,82600000.00,68600000.00,0.9757538,7.404514,-5.469433,40000,2022-07-16,
2022,Senate,_classic,7/15/2022,0.602475,0.397525,50.21485,49.78515,50,50,54,54,46,46,75600000.00,82700000.00,68500000.00,0.9685097,7.444107,-5.402531,40000,2022-07-15,
2022,Senate,_classic,7/14/2022,0.595125,0.404875,50.15638,49.84362,50,50,54,54,46,46,75600000.00,82500000.00,68600000.00,0.9450645,7.364489,-5.618963,40000,2022-07-14,
2022,Senate,_classic,7/13/2022,0.582625,0.417375,50.06607,49.93393,50,50,54,54,46,46,76300000.00,83400000.00,69300000.00,0.7233467,7.200794,-5.800308,40000,2022-07-13,
2022,Senate,_classic,7/12/2022,0.568375,0.431625,49.9563,50.0437,50,50,54,54,46,46,76600000.00,83700000.00,69600000.00,0.5628204,7.057495,-5.991472,40000,2022-07-12,
2022,Senate,_classic,7/11/2022,0.57805,0.42195,50.01752,49.98245,50,50,54,54,46,46,76600000.00,83700000.00,69600000.00,0.6057777,7.191092,-5.917933,40000,2022-07-11,
2022,Senate,_classic,7/10/2022,0.5836,0.4164,50.03905,49.96093,50,50,54,54,46,46,76600000.00,83800000.00,69600000.00,0.7336197,7.074574,-5.80294,40000,2022-07-10,
2022,Senate,_classic,7/9/2022,0.58575,0.41425,50.0585,49.9415,50,50,54,54,46,46,76600000.00,83800000.00,69500000.00,0.7265205,7.179396,-5.743074,40000,2022-07-09,
2022,Senate,_classic,7/8/2022,0.586475,0.413525,50.0497,49.9503,50,50,54,54,46,46,76600000.00,83600000.00,69700000.00,0.7184067,7.240309,-5.801632,40000,2022-07-08,
2022,Senate,_classic,7/7/2022,0.588675,0.411325,50.09405,49.90595,50,50,54,54,46,46,76600000.00,83600000.00,69600000.00,0.7770958,7.353273,-5.769417,40000,2022-07-07,
2022,Senate,_classic,7/6/2022,0.581925,0.418075,50.0174,49.9826,50,50,54,54,46,46,76600000.00,83700000.00,69600000.00,0.6573448,7.213253,-5.852287,40000,2022-07-06,
2022,Senate,_classic,7/5/2022,0.574725,0.425275,49.96883,50.03117,50,50,54,54,46,46,76200000.00,83200000.00,69200000.00,0.6027908,7.114569,-5.947828,40000,2022-07-05,
2022,Senate,_classic,7/4/2022,0.56625,0.43375,49.90085,50.09915,50,50,54,54,46,46,76200000.00,83300000.00,69200000.00,0.4739113,6.948612,-5.998697,40000,2022-07-04,
2022,Senate,_classic,7/3/2022,0.56585,0.43415,49.89022,50.10978,50,50,54,54,46,46,76200000.00,83200000.00,69100000.00,0.466732,6.98201,-6.086945,40000,2022-07-03,
2022,Senate,_classic,7/2/2022,0.568775,0.431225,49.90932,50.09068,50,50,54,54,46,46,76200000.00,83300000.00,69200000.00,0.4609032,6.992514,-6.041412,40000,2022-07-02,
2022,Senate,_classic,7/1/2022,0.569125,0.430875,49.90225,50.09775,50,50,54,54,46,46,76200000.00,83300000.00,69100000.00,0.4558105,7.012348,-6.065607,40000,2022-07-01,
2022,Senate,_classic,6/30/2022,0.562425,0.437575,49.87243,50.12757,50,50,54,54,46,46,76200000.00,83200000.00,69300000.00,0.3851585,6.969521,-6.084291,40000,2022-06-30,
2022,Senate,_classic,6/29/2022,0.595925,0.404075,50.05315,49.94685,50,50,54,54,46,46,76200000.00,83300000.00,69200000.00,0.5278893,7.104412,-6.09226,40000,2022-06-29,
2022,Senate,_classic,6/26/2022,0.56115,0.43885,49.86248,50.13752,50,50,53,54,46,47,75800000.00,82900000.00,68800000.00,0.302887,6.842136,-6.224846,40000,2022-06-29,
2022,Senate,_classic,6/25/2022,0.5584,0.4416,49.84298,50.15702,50,50,53,54,46,47,75800000.00,82900000.00,68900000.00,0.3064499,6.861156,-6.392529,40000,2022-06-29,
2022,Senate,_classic,6/24/2022,0.56345,0.43655,49.86633,50.13367,50,50,53,54,46,47,75800000.00,82900000.00,68800000.00,0.3051224,6.979788,-6.361845,40000,2022-06-29,
2022,Senate,_classic,6/22/2022,0.556725,0.443275,49.83337,50.1666,50,50,53,54,46,47,75800000.00,82900000.00,68800000.00,0.2814751,6.903742,-6.422701,40000,2022-06-29,
2022,Senate,_classic,6/21/2022,0.54325,0.45675,49.7762,50.2238,50,50,53,54,46,47,75800000.00,82900000.00,68800000.00,0.1925507,6.894972,-6.431183,40000,2022-06-29,
2022,Senate,_classic,6/19/2022,0.5418,0.4582,49.7381,50.2619,50,50,53,54,46,47,75600000.00,82700000.00,68700000.00,0.1750107,6.854578,-6.515383,40000,2022-06-29,
2022,Senate,_classic,6/18/2022,0.544,0.456,49.75725,50.24275,50,50,53,54,46,47,75600000.00,82600000.00,68600000.00,0.1757164,6.911047,-6.459249,40000,2022-06-29,
2022,Senate,_classic,6/17/2022,0.5402,0.4598,49.72998,50.27002,50,50,53,54,46,47,75600000.00,82700000.00,68600000.00,0.1767921,6.838999,-6.452168,40000,2022-06-29,
2022,Senate,_classic,6/15/2022,0.54085,0.45915,49.75523,50.24477,50,50,53,54,46,47,75600000.00,82600000.00,68600000.00,0.159359,6.958876,-6.537828,40000,2022-06-29,
2022,Senate,_classic,6/14/2022,0.5142,0.4858,49.59025,50.40975,50,50,53,54,46,47,75600000.00,82700000.00,68700000.00,0.0138016,6.672575,-6.757568,40000,2022-06-29,
2022,Senate,_classic,6/13/2022,0.503475,0.496525,49.55523,50.44477,50,50,53,54,46,47,75200000.00,82100000.00,68200000.00,0.0008354,6.727489,-6.743382,40000,2022-06-29,
2022,Senate,_classic,6/11/2022,0.503425,0.496575,49.52305,50.47695,50,50,53,54,46,47,75200000.00,82300000.00,68200000.00,-0.0815811,6.672087,-6.822891,40000,2022-06-29,
2022,Senate,_classic,6/10/2022,0.500125,0.499875,49.51162,50.48838,50,50,53,54,46,47,75200000.00,82200000.00,68200000.00,-0.07938,6.665751,-6.879688,40000,2022-06-29,
2022,Senate,_classic,6/9/2022,0.50205,0.49795,49.5189,50.4811,50,50,53,54,46,47,75200000.00,82300000.00,68200000.00,-0.0760231,6.590517,-6.851933,40000,2022-06-29,
2022,Senate,_classic,6/7/2022,0.505625,0.494375,49.55645,50.44355,50,50,53,54,46,47,75200000.00,82300000.00,68300000.00,-0.0160866,6.786156,-6.845871,40000,2022-06-29,
2022,Senate,_classic,6/6/2022,0.508225,0.491775,49.58318,50.41682,50,50,53,54,46,47,75300000.00,82400000.00,68400000.00,0.0066566,6.763279,-6.765743,40000,2022-06-29,
2022,Senate,_classic,6/5/2022,0.519925,0.480075,49.63448,50.36552,50,50,53,54,46,47,75300000.00,82300000.00,68200000.00,0.1189651,6.890848,-6.627779,40000,2022-06-29,
2022,Senate,_classic,6/3/2022,0.51545,0.48455,49.62663,50.37337,50,50,53,54,46,47,75300000.00,82400000.00,68300000.00,0.1685333,7.078745,-6.622646,40000,2022-06-29,
2022,Senate,_classic,6/2/2022,0.5169,0.4831,49.61935,50.38065,50,50,53,54,46,47,75300000.00,82400000.00,68300000.00,0.1780853,6.9886,-6.683662,40000,2022-06-29,
2022,Senate,_classic,6/1/2022,0.51665,0.48335,49.6258,50.3742,50,50,53,54,46,47,75300000.00,82300000.00,68300000.00,0.1732521,7.016474,-6.678333,40000,2022-06-29,
